chr,pos,gene_id,dist_to_tss,n_variant,n_reference,mean_ase_variant,mean_ase_reference,sd_ase_variant,sd_ase_reference,ase_diff,abs_ase_variant,abs_ase_reference,abs_ase_diff,cohens_d,mw_p,t_p,fdr_mw,fdr_t,n_families,families,has_motif,in_peak
chr1,81002344,Zm00001eb021310,14,7,6,-0.4372956935781016,-1.9731251484612276,0.4505991062911005,0.2820046862851059,1.535829454883126,0.4521322055906333,1.9731251484612276,-1.5209929428705942,4.007154182935343,0.0011655011655011,1.925441133102591e-05,0.0310074540843771,0.0011876415243927,8,BBR-BPC|C2H2|ERF|GRAS|MIKC_MADS|MYB|NAC|TALE,True,True
chr3,3512727,Zm00001eb119990,2,7,10,-1.1070648457160013,-0.0101001115616288,0.1833613130527483,0.1559165919086741,-1.0969647341543725,1.1070648457160013,0.0945235446089803,1.012541301107021,-6.55157865403608,0.0001028383381324,3.05319517104792e-08,0.0188111888111888,2.182525982102241e-05,1,NONE,True,True
chr4,209341307,Zm00001eb200680,183,6,9,-0.3274666244258309,0.2277894908745699,0.3193213408147,0.2399242892586507,-0.5552561153004008,0.3274666244258309,0.2692399283811126,0.0582266960447183,-2.0323714213264217,0.0027972027972027,0.0057978903585895,0.0450283574693023,0.0523025339847055,2,ERF|WRKY,True,True
chr6,11825885,Zm00001eb261240,364,7,8,-1.863021881131255,0.4203848715641358,0.7061808514787157,1.4578145279688055,-2.2834067526953907,1.863021881131255,1.1852185903170875,0.6778032908141676,-1.9476384860138105,0.0021756021756021,0.0026053772976157,0.039548112582254,0.0310579391534434,3,C2H2|GRAS|TALE,True,True
chr1,28904990,Zm00001eb009360,1323,6,8,-2.5697208039761907,0.6949760335784477,1.865098380841552,0.8551212493379418,-3.2646968375546384,2.5697208039761907,0.7987354083981586,1.770985395578032,-2.3835838377158187,0.0006660006660006,0.0059935393510024,0.0234529107256379,0.0535240412824682,4,C2H2|LBD|MIKC_MADS|NAC,True,True
chr1,144798035,Zm00001eb028000,255,9,9,1.6986066579878922,0.0578027570730521,0.2397248974398787,0.3807990026264152,1.64080390091484,1.6986066579878922,0.2676795822445064,1.4309270757433858,5.156855964103568,0.0004122948020616,4.416830021306048e-08,0.0219377080393704,2.5160342309604568e-05,7,C2H2|ERF|GRAS|MIKC_MADS|MYB|MYB_related|Trihelix,True,True
chr1,218922923,Zm00001eb041560,226,8,5,0.0821020892721784,-0.2611780646808715,0.0945805364931831,0.1558874047034362,0.34328015395305,0.1009384976655231,0.2611780646808715,-0.1602395670153484,2.8479143603915977,0.0015540015540015,0.0046059174369802,0.0338267581908725,0.045031503745297,1,NONE,True,True
chr1,306170486,Zm00001eb064860,94,10,7,-0.1059175189511655,0.0819976981313552,0.0714874250523209,0.0897367499091579,-0.1879152170825208,0.1059175189511655,0.0988051366200376,0.0071123823311279,-2.369890654720292,0.0012340600575894,0.0007417268368069,0.0311895358527482,0.0135910741487956,1,CPP,True,True
chr3,66340843,Zm00001eb131470,85,5,11,0.1360028017183109,-0.896356765247249,0.5688682206277652,0.3296172045937844,1.03235956696556,0.4188856466670564,0.896356765247249,-0.4774711185801926,2.5033563404229935,0.0018315018315018,0.0117136154977647,0.0376566109050185,0.0807076858629337,3,NAC|SBP|TALE,True,True
chr4,12192180,Zm00001eb168100,718,6,12,-0.0168383025653145,0.1493755327538543,0.0890611286111017,0.0782947077664385,-0.1662138353191689,0.0739560754548832,0.1493755327538543,-0.0754194572989711,-2.031666904317096,0.0032320620555914,0.0037174622224913,0.0468443117268101,0.0393012054176921,6,C2H2|G2-like|GRAS|MIKC_MADS|MYB|TALE,True,True
chr7,6417899,Zm00001eb300310,146,11,7,-1.85892704882536,-0.7204075348506433,0.8714996337668273,0.6237257965674374,-1.1385195139747168,1.85892704882536,0.7976681766839934,1.0612588721413667,-1.4452425223375966,0.0028280542986425,0.0054102809299036,0.0450283574693023,0.0500041760216427,5,C2H2|ERF|GATA|MYB|bZIP,True,True
chr7,149781339,Zm00001eb319780,940,8,6,0.9928035294934392,0.3551685046722797,0.27364163961163,0.1292028338165325,0.6376350248211595,0.9928035294934392,0.3551685046722797,0.6376350248211595,2.8336417222216292,0.0006660006660006,0.0001467186633052,0.0234529107256379,0.0048050417282822,3,EIL|G2-like|GATA,True,True
chr8,105415374,Zm00001eb349110,57,13,5,0.6778737057547398,0.028723653912732,0.1443534659709638,0.2253037579587145,0.6491500518420078,0.6778737057547398,0.1955117329673362,0.4823619727874035,3.8575094327214554,0.0002334267040149,0.0015026581137283,0.0203714572407656,0.0221151081661789,8,C2H2|Dof|ERF|GRAS|MIKC_MADS|MYB|SBP|TALE,True,True
chr9,142705700,Zm00001eb396490,48,6,10,-1.8325983835103297,-0.4007603026048807,0.5213367618568157,0.5286923779318213,-1.4318380809054487,1.8325983835103297,0.5088739788774213,1.3237244046329082,-2.7217262770420945,0.0004995004995004,0.0002731120431202,0.0226429045486012,0.0070154297760649,4,ERF|LBD|MYB|TALE,True,True
