chr,pos,gene_id,abs_d,peak_width_smallest,peak_width_median,n_hybrids_with_peak,total_motifs_in_peak,n_families_in_peak,motifs_at_variant,n_fam_at_variant,min_redundancy_in_peak
chr1,5744103,Zm00001eb002000,1.993102093160976,241,267.0,4,109,20,17,7,1
chr1,33102069,Zm00001eb010410,1.0788372516249425,417,479.0,25,189,26,23,9,1
chr1,33805903,Zm00001eb010590,2.890233195828243,274,360.0,25,95,23,12,7,1
chr1,33805903,Zm00001eb010600,3.4479645166968327,274,360.0,25,95,23,12,7,1
chr1,34133753,Zm00001eb010650,1.7228995125959938,127,166.5,6,52,15,8,4,1
chr1,35686099,Zm00001eb011070,1.044301392229479,311,708.5,24,141,24,7,6,1
chr1,45314945,Zm00001eb013520,1.971193291247158,62,130.0,24,54,14,26,4,2
chr1,45913981,Zm00001eb013720,2.0162190655371113,125,484.0,5,40,10,6,3,1
chr1,46460037,Zm00001eb013870,3.131431563537838,82,588.5,22,21,9,3,1,7
chr1,52046833,Zm00001eb015210,4.106711314474418,213,254.0,23,78,16,3,1,7
chr1,55231201,Zm00001eb015900,1.9620971190194931,71,108.5,14,20,10,7,5,1
chr1,57416832,Zm00001eb016400,2.6790199520921387,81,124.0,5,27,11,15,7,1
chr1,77325694,Zm00001eb020660,2.326271549412075,157,222.0,25,43,14,4,2,1
chr1,154479231,Zm00001eb028820,3.4905867984114125,235,448.0,23,86,22,18,10,1
chr1,170914905,Zm00001eb030870,2.075649400692202,428,479.0,4,179,23,18,5,4
chr1,184804492,Zm00001eb033190,3.307093446829383,150,151.0,3,75,19,9,6,1
chr1,211667666,Zm00001eb040100,1.7076390765853546,229,305.0,25,71,19,14,7,2
chr1,227767796,Zm00001eb043170,2.452830718673834,127,129.0,2,40,11,13,9,1
chr1,228494853,Zm00001eb043450,1.784514558719577,143,194.0,17,124,23,7,2,4
chr1,233018019,Zm00001eb044650,2.886499000041,225,289.0,16,139,18,7,4,1
chr1,234151085,Zm00001eb044960,1.4648802799572245,157,199.0,7,69,12,10,5,1
chr1,235137771,Zm00001eb045280,4.228606261614184,63,133.0,17,14,6,12,6,1
chr1,235367280,Zm00001eb045370,2.976264698232123,273,362.0,12,160,21,12,6,2
chr1,239371910,Zm00001eb046280,1.8903427375092523,120,158.0,24,74,16,11,4,1
chr1,251130738,Zm00001eb048860,3.03060708710378,322,828.0,25,104,25,20,6,2
chr1,254176253,Zm00001eb049730,2.7451497712416173,82,82.0,2,17,7,3,3,1
chr1,261611654,Zm00001eb051580,1.7412248383409954,183,272.0,25,47,16,15,10,1
chr1,262493215,Zm00001eb051780,2.6326472771472624,363,541.5,16,132,21,9,6,2
chr1,264527680,Zm00001eb052270,2.0778879095474374,210,466.0,24,75,17,31,6,2
chr1,266477700,Zm00001eb052940,1.9002833214490025,100,199.0,25,70,19,34,10,1
chr1,277129800,Zm00001eb055720,2.346077363192974,199,269.0,5,73,19,6,5,2
chr1,281863688,Zm00001eb056930,1.8450745007643008,200,246.0,24,106,21,26,12,1
chr1,287900267,Zm00001eb058750,2.289258328627231,284,287.0,2,112,22,5,3,4
chr1,303833607,Zm00001eb064000,2.7193341663871995,88,164.0,25,27,8,19,3,1
chr1,304254031,Zm00001eb064190,3.4095005292035405,150,169.5,2,49,14,15,6,1
chr1,304701394,Zm00001eb064350,2.4350892059607414,64,116.0,21,15,10,12,8,1
chr1,305701303,Zm00001eb064670,2.9504195754854488,60,168.5,20,14,8,10,6,1
chr1,306411699,Zm00001eb064930,4.1461282108010815,123,174.0,25,69,12,15,5,1
chr2,17283394,Zm00001eb073610,6.02706750847857,173,266.0,25,83,20,31,10,1
chr2,19112501,Zm00001eb074030,5.03145492976556,150,221.0,24,51,19,19,10,1
chr2,36159238,Zm00001eb078890,2.040393037676521,180,295.0,25,49,13,19,4,2
chr2,38576363,Zm00001eb079420,5.825883962535814,127,193.0,25,57,17,11,5,1
chr2,42789655,Zm00001eb080510,4.4901050570846515,295,673.0,24,141,21,22,7,2
chr2,44929408,Zm00001eb081030,1.9362284424257552,197,223.0,25,85,17,25,9,1
chr2,140544189,Zm00001eb091780,2.4401060658236484,173,230.0,25,50,17,22,13,1
chr2,154488990,Zm00001eb093670,2.0751231582939025,63,63.0,1,18,10,15,9,1
chr2,157667489,Zm00001eb094220,3.2553440919204037,156,196.0,25,54,19,12,7,1
chr2,193988864,Zm00001eb101450,2.771010529896668,300,375.0,11,133,23,11,6,1
chr2,195634230,Zm00001eb102050,2.633437955533686,214,430.0,17,105,22,37,11,1
chr2,205132586,Zm00001eb104710,1.991401602261453,58,134.0,5,13,7,7,6,1
chr2,211536463,Zm00001eb106770,2.4188644177408363,64,603.5,14,17,10,11,8,1
chr2,216734256,Zm00001eb108620,2.3199534970626376,612,706.0,25,337,28,5,2,6
chr2,219580380,Zm00001eb109880,2.6829275490183595,116,122.0,4,19,11,6,5,1
chr2,231497576,Zm00001eb113870,2.662415610472837,162,403.0,25,34,16,7,2,1
chr2,231633353,Zm00001eb113900,2.2053015643042735,337,365.0,8,138,23,5,3,3
chr2,235230798,Zm00001eb115000,3.363154782404735,382,488.0,25,164,24,18,7,1
chr2,240665648,Zm00001eb117460,3.3114651472125205,185,340.0,23,74,12,11,4,7
chr3,13645592,Zm00001eb123270,2.1331547323847975,343,519.0,25,147,24,8,4,1
chr3,17092334,Zm00001eb124200,3.919858817262583,236,425.0,25,110,23,29,11,1
chr3,34672994,Zm00001eb127420,2.8313009384028605,60,187.0,15,15,9,13,7,1
chr3,136849723,Zm00001eb138110,1.263909830112649,65,92.5,10,42,7,22,5,2
chr3,170697399,Zm00001eb144320,3.130841108192741,564,688.0,25,159,29,33,14,2
chr3,191054457,Zm00001eb149750,3.470762782045816,304,423.0,25,134,22,27,11,1
chr3,199143750,Zm00001eb152120,3.5931912782003255,302,435.0,24,123,23,9,5,1
chr3,202471379,Zm00001eb153020,2.0950216625681706,62,250.0,18,8,6,4,3,1
chr3,203762192,Zm00001eb153460,3.7848065277793816,120,198.0,11,41,12,3,2,1
chr3,204399824,Zm00001eb153580,1.862591488812747,60,111.5,6,14,8,13,7,1
chr3,204800583,Zm00001eb153760,1.9868312836539712,63,191.0,11,12,5,12,5,1
chr3,222949722,Zm00001eb159400,1.7755265048836455,122,301.0,25,28,12,7,4,1
chr3,223345700,Zm00001eb159550,2.041224938227776,166,306.5,20,46,15,7,4,2
chr3,228195173,Zm00001eb161090,1.882268508015435,589,610.5,8,209,27,9,3,3
chr3,229581278,Zm00001eb161610,1.8960871063937228,482,577.0,25,245,28,13,8,2
chr3,236713284,Zm00001eb163880,1.6116800895543422,116,297.5,22,49,11,0,0,0
chr4,38328395,Zm00001eb173230,3.241273396577517,423,440.5,2,153,29,18,10,1
chr4,140997057,Zm00001eb184420,1.9690909751485175,353,790.0,18,165,24,10,6,3
chr4,177063328,Zm00001eb191640,1.9085448636469893,88,200.0,10,15,8,8,6,1
chr4,179998271,Zm00001eb192630,2.0988799051206235,141,141.0,1,44,19,12,8,1
chr4,230230774,Zm00001eb203840,2.021757317443369,60,205.0,8,5,4,2,2,1
chr4,246091770,Zm00001eb207970,1.0557784988231242,76,92.5,6,47,12,6,5,1
chr4,248093954,Zm00001eb209100,2.161064757111342,295,388.0,25,157,26,13,6,1
chr5,4631545,Zm00001eb213050,2.251004547954921,64,120.0,19,13,7,4,2,1
chr5,7313087,Zm00001eb214630,3.4581827083427767,250,432.0,22,96,21,10,6,1
chr5,11366019,Zm00001eb216260,1.9821950667001171,161,198.0,11,66,13,1,1,9
chr5,15259532,Zm00001eb217870,3.923326174257188,149,245.0,25,59,15,13,8,1
chr5,16163710,Zm00001eb218270,1.4031557575826,65,182.0,18,8,6,8,6,1
chr5,19678594,Zm00001eb219260,2.4181354041796936,60,124.5,10,33,10,17,5,1
chr5,36348038,Zm00001eb223240,4.424017322842078,113,113.0,1,97,13,80,8,1
chr5,62145381,Zm00001eb227820,2.282344077627493,139,165.0,25,55,15,16,10,1
chr5,66029051,Zm00001eb228660,1.667096797464452,111,135.0,15,42,14,21,3,1
chr5,92095945,Zm00001eb233850,1.9864140091878009,60,182.0,7,29,14,22,10,1
chr5,142502511,Zm00001eb238000,2.1498615631079714,572,674.0,25,331,26,5,4,4
chr5,166109809,Zm00001eb241520,2.556548502981683,134,366.0,15,81,18,6,5,1
chr5,167284817,Zm00001eb241810,2.3548519731405695,371,456.0,25,193,25,63,9,4
chr5,168023778,Zm00001eb241920,1.2653464595362245,175,254.0,25,94,20,32,9,1
chr5,221117231,Zm00001eb257390,2.3146076263908677,92,634.0,10,28,12,15,7,1
chr5,224510508,Zm00001eb259140,1.6340462164675218,106,202.0,4,54,12,26,7,1
chr6,50584394,Zm00001eb267380,4.525144469814204,262,602.0,25,193,21,2,2,1
chr6,71518134,Zm00001eb269310,2.1641728756155523,339,501.0,15,171,24,12,9,1
chr6,82204827,Zm00001eb270660,2.357363701868566,189,208.0,25,38,14,6,6,1
chr6,117591379,Zm00001eb278070,1.5037420375863468,318,464.0,25,185,29,18,8,2
chr6,138884889,Zm00001eb282960,1.343075589730851,221,233.0,10,91,18,9,6,1
chr6,156454369,Zm00001eb287610,3.203902110132901,62,610.0,25,12,5,1,1,1
chr6,158295494,Zm00001eb288130,2.150577722344607,219,436.0,25,98,22,27,7,2
chr6,162420882,Zm00001eb289530,2.2084959121108656,204,298.0,25,89,26,12,5,1
chr6,171169950,Zm00001eb293310,2.6627355488071776,130,194.0,22,86,16,35,8,1
chr6,174632784,Zm00001eb295120,1.8619740594255063,58,476.0,25,22,9,18,7,1
chr6,174715533,Zm00001eb295170,1.8153955865546871,492,571.0,23,221,25,10,4,6
chr7,10735160,Zm00001eb301490,1.9410855150564548,377,428.0,25,162,28,22,11,1
chr7,89397106,Zm00001eb309560,3.520578909038956,104,129.0,12,86,12,5,4,1
chr7,131670304,Zm00001eb315000,2.7010650497920357,484,984.0,16,185,27,10,6,2
chr7,136093429,Zm00001eb316080,1.9045320392958296,134,163.0,17,64,13,1,1,3
chr7,138416698,Zm00001eb316700,3.1490789213321686,417,426.0,10,174,27,16,7,1
chr7,143100402,Zm00001eb317810,2.763468427589063,260,318.5,24,74,19,14,7,1
chr7,152271809,Zm00001eb320580,2.132742940570341,366,767.0,25,227,22,22,7,3
chr7,154612148,Zm00001eb321330,2.1201122687053937,160,208.0,25,90,20,46,15,1
chr7,161258452,Zm00001eb322430,1.820101042836913,323,442.0,25,110,20,31,11,1
chr7,162616610,Zm00001eb322850,2.258611268748007,78,301.0,24,19,9,1,1,1
chr7,162807470,Zm00001eb322940,1.6639237476891189,58,58.0,3,23,10,5,5,1
chr7,166654451,Zm00001eb324270,2.854351666684522,171,314.5,24,105,16,41,8,1
chr7,170356482,Zm00001eb325750,1.9537764372555293,61,99.5,2,27,5,27,5,1
chr7,175487307,Zm00001eb327790,1.5809303343430303,321,321.0,1,90,20,15,9,1
chr7,180169307,Zm00001eb329780,2.548671317761873,181,645.0,22,55,17,22,12,1
chr7,184734845,Zm00001eb331960,7.313591831593177,418,431.0,25,113,23,12,7,3
chr8,3885807,Zm00001eb333100,1.9944068305931155,91,367.5,22,23,11,4,4,1
chr8,13195128,Zm00001eb335350,2.1145856324838888,182,303.5,20,88,23,27,10,1
chr8,14008624,Zm00001eb335640,2.086773530985622,187,315.0,24,114,21,29,7,1
chr8,16571666,Zm00001eb336310,2.0356181013936263,473,693.0,25,179,31,11,7,2
chr8,29624422,Zm00001eb339310,1.8100285930152655,67,442.5,24,18,9,8,6,1
chr8,69576856,Zm00001eb343490,2.5924416296542545,220,476.0,25,64,20,18,6,1
chr8,74212102,Zm00001eb344340,2.3683562503991604,99,237.5,16,18,11,4,2,1
chr8,138992533,Zm00001eb356280,2.668331204954375,383,481.5,14,165,28,24,6,1
chr8,146144410,Zm00001eb357970,2.293064242532769,671,671.0,1,274,28,21,8,1
chr8,154494525,Zm00001eb360250,2.1140533884354262,154,707.0,19,40,17,16,9,1
chr8,154506381,Zm00001eb360260,2.5420296378071634,370,449.0,11,108,21,0,0,0
chr8,154951178,Zm00001eb360390,1.8816870182450085,96,166.0,23,22,9,4,4,1
chr8,171206073,Zm00001eb365940,2.272348125964605,229,372.0,25,131,24,50,11,1
chr8,171368481,Zm00001eb366050,2.5632794191115544,105,169.0,5,48,12,23,6,1
chr8,179616196,Zm00001eb370290,1.07472545154466,264,527.0,25,122,22,21,8,2
chr8,180764165,Zm00001eb370850,2.325544764162936,364,440.0,23,156,22,6,4,3
chr8,181730167,Zm00001eb371200,2.5344946963916644,384,512.0,25,174,22,14,7,2
chr9,10774790,Zm00001eb373580,1.6602529183513337,216,526.0,25,86,21,7,6,2
chr9,13058820,Zm00001eb374160,2.633921684721882,342,401.5,22,147,25,34,11,1
chr9,22676829,Zm00001eb377470,3.041410938030894,70,200.0,18,33,9,20,7,1
chr9,27588012,Zm00001eb378810,3.006792439729751,248,448.0,25,92,21,18,2,5
chr9,34000550,Zm00001eb379950,2.0105873563987866,563,601.0,25,256,27,8,6,2
chr9,46397613,Zm00001eb381470,2.0357283788875327,169,227.0,23,101,20,15,4,1
chr9,74126238,Zm00001eb384110,2.728481723734669,170,252.0,19,56,18,19,8,2
chr9,88034220,Zm00001eb385450,2.048481055420191,431,573.0,5,217,28,11,8,1
chr9,94270267,Zm00001eb386220,2.353208614460676,91,156.0,5,27,11,2,2,1
chr9,99581548,Zm00001eb387030,1.5148667115096182,91,127.0,7,39,14,16,8,1
chr9,131018319,Zm00001eb393660,4.155709293425091,157,198.0,13,31,13,12,6,1
chr9,139156708,Zm00001eb395470,3.936818185586951,120,219.0,24,47,16,17,7,1
chr9,141202033,Zm00001eb396060,2.8374729660761338,227,319.0,25,76,18,8,5,1
chr9,142860542,Zm00001eb396520,2.252981731306229,376,537.0,25,209,26,26,8,1
chr9,144227434,Zm00001eb397090,4.221908761750404,115,182.0,25,54,12,12,6,1
chr9,148791435,Zm00001eb398630,3.167548745015788,131,182.0,24,53,16,4,4,1
chr9,161194925,Zm00001eb404310,3.950054024266257,247,381.5,24,85,21,31,12,1
chr10,2006861,Zm00001eb405450,5.308221308528998,155,254.0,25,60,17,9,8,1
chr10,3735892,Zm00001eb406080,2.7982092159957124,291,439.0,24,132,24,4,4,5
chr10,5111246,Zm00001eb406760,1.9719257867445232,282,336.0,22,96,24,6,5,4
chr10,6211300,Zm00001eb407090,1.703172273664204,605,671.5,16,246,26,16,5,4
chr10,7903301,Zm00001eb407550,2.233745774212639,382,586.0,25,180,28,13,10,3
chr10,8604729,Zm00001eb407680,2.3016985233742973,135,186.0,9,32,13,7,6,1
chr10,64753637,Zm00001eb413740,2.411421748480584,174,248.0,25,55,15,6,2,7
chr10,73843917,Zm00001eb414970,5.292211561347937,94,125.5,10,31,14,13,7,1
chr10,78959457,Zm00001eb415700,1.910872253891431,89,344.5,22,16,8,5,3,1
chr10,81353777,Zm00001eb416110,2.0762577909849704,77,188.0,4,27,11,6,4,2
chr10,85117108,Zm00001eb416770,2.007903871939698,351,416.0,20,126,25,12,5,1
chr10,92089742,Zm00001eb418090,2.353892134412911,365,623.0,25,132,20,8,4,2
chr10,97534549,Zm00001eb418940,2.012100027216712,111,284.0,24,24,11,7,3,2
chr10,98908136,Zm00001eb419200,2.0258059361051934,61,129.5,12,28,9,24,6,1
chr10,128801642,Zm00001eb425180,3.1339485522332793,115,400.5,22,51,12,4,3,1
chr10,129870575,Zm00001eb425580,1.359398667383342,87,344.0,24,32,12,3,2,2
chr10,130088323,Zm00001eb425660,2.1890268340701353,62,172.0,13,13,5,7,2,2
chr10,131065925,Zm00001eb425960,2.588903946380261,179,294.0,22,94,19,10,7,1
chr10,131196529,Zm00001eb425980,1.682304387969365,63,118.0,7,25,9,16,6,1
chr10,135806526,Zm00001eb427480,1.7246015035091242,72,127.5,22,6,5,2,2,1
chr10,142142497,Zm00001eb429910,2.7576048593546143,282,336.0,7,60,19,5,3,4
chr10,145438301,Zm00001eb431330,3.4188105289396575,183,246.0,25,87,17,18,11,1
chr1,3262750,Zm00001eb000920,1.008744758576002,430,620.5,24,236,27,14,4,5
chr1,3789618,Zm00001eb001150,2.0803573236363664,442,1091.0,25,222,22,10,4,4
chr1,4078949,Zm00001eb001340,3.0172447030203235,124,275.0,19,64,15,11,7,1
chr1,5896996,Zm00001eb002060,3.089173372090931,135,171.0,25,31,14,9,4,2
chr1,6246228,Zm00001eb002200,1.831745903607489,169,631.0,6,55,21,8,6,2
chr1,12270743,Zm00001eb004440,2.237456691760147,421,628.0,25,187,24,14,6,9
chr1,16845468,Zm00001eb005920,3.900235613086104,98,289.0,24,25,12,14,7,1
chr1,17983879,Zm00001eb006410,2.2701140403215683,167,329.0,25,106,20,41,10,1
chr1,19882546,Zm00001eb006880,1.6360159962413543,372,489.0,25,175,27,14,7,4
chr1,30883530,Zm00001eb009870,2.263909599998336,63,156.0,9,20,9,14,6,1
chr1,32844672,Zm00001eb010370,2.252685603445886,59,269.0,17,9,7,6,5,1
chr1,34330835,Zm00001eb010730,1.524366505225603,1207,1207.0,1,713,32,15,9,7
chr1,34878903,Zm00001eb010900,3.0203014131688506,181,448.0,25,96,17,6,4,1
chr1,36186619,Zm00001eb011240,1.5296868605696086,247,496.0,25,102,23,12,9,1
chr1,37980846,Zm00001eb011630,2.3673147899655183,463,674.0,3,223,25,16,8,2
chr1,41377778,Zm00001eb012570,3.1836539394163976,162,211.0,5,91,17,9,5,1
chr1,42980657,Zm00001eb012950,2.072267985348476,130,156.5,2,33,18,7,5,1
chr1,44344832,Zm00001eb013300,1.6498308938673911,84,223.0,19,35,12,16,11,1
chr1,48970900,Zm00001eb014600,1.7351969075308251,153,235.0,25,62,19,17,5,1
chr1,57058153,Zm00001eb016330,2.6286276750149615,74,488.0,16,53,10,41,8,1
chr1,59904185,Zm00001eb016800,1.3864165469043874,143,355.0,17,39,15,22,10,1
chr1,60926702,Zm00001eb017050,1.1137561866149133,66,200.0,24,22,9,18,7,1
chr1,68998584,Zm00001eb019230,4.5395507311740175,194,503.0,25,82,21,36,11,1
chr1,69764971,Zm00001eb019370,2.5685487774525666,361,810.0,25,153,26,13,3,13
chr1,72171126,Zm00001eb019800,2.0850946858589463,181,257.0,20,77,23,7,6,1
chr1,74030656,Zm00001eb020110,2.288149136505908,188,304.0,25,100,20,19,7,1
chr1,77561196,Zm00001eb020690,4.470013059440195,159,435.0,25,83,21,21,9,1
chr1,83001127,Zm00001eb021800,2.653164141231232,60,134.0,23,8,4,8,4,1
chr1,84277355,Zm00001eb022040,2.999940321939209,199,366.0,19,108,24,20,8,1
chr1,86777664,Zm00001eb022580,3.6209706774235326,108,191.0,8,34,9,8,4,2
chr1,87656463,Zm00001eb022750,1.3956871185277226,446,556.0,25,148,25,23,6,7
chr1,90313646,Zm00001eb023130,2.1932050567132197,63,131.0,3,14,10,8,5,1
chr1,91377437,Zm00001eb023220,2.27054529992127,60,202.0,23,15,9,9,6,1
chr1,92292812,Zm00001eb023350,2.1033119242741045,353,812.0,25,251,24,38,10,1
chr1,97701896,Zm00001eb024120,2.302558477026654,245,288.0,16,125,21,3,3,2
chr1,108502297,Zm00001eb025400,2.50297585963056,96,288.5,20,74,18,20,4,1
chr1,122210678,Zm00001eb026550,4.060818333122903,449,535.0,25,301,27,19,9,1
chr1,126913502,Zm00001eb026930,2.116487974353716,190,234.0,24,43,19,1,1,1
chr1,170618556,Zm00001eb030710,3.170737524891494,152,439.0,14,41,12,10,4,1
chr1,177309045,Zm00001eb031670,2.7747387468313107,134,134.0,1,57,12,17,4,1
chr1,180161163,Zm00001eb032230,1.7113240355174346,63,111.0,23,48,14,37,12,1
chr1,183958880,Zm00001eb032890,2.1225593337323754,250,294.0,16,181,21,16,5,3
chr1,184439096,Zm00001eb033050,3.3385292973275944,379,427.0,22,198,29,18,10,1
chr1,184907626,Zm00001eb033220,2.4420295470223596,594,814.0,23,265,25,13,7,4
chr1,192290364,Zm00001eb034990,3.154118781316213,515,959.0,25,233,28,31,10,1
chr1,198167984,Zm00001eb036550,3.589115459714462,480,590.5,22,205,28,7,4,4
chr1,199461418,Zm00001eb036910,2.11257112829817,175,292.0,22,113,17,16,5,1
chr1,200570121,Zm00001eb037210,2.443463835576049,139,204.0,5,102,13,16,5,2
chr1,206116074,Zm00001eb038600,2.2044341204611366,63,139.5,10,21,7,19,6,1
chr1,206226148,Zm00001eb038640,1.6017144404374195,59,139.0,25,8,6,2,2,1
chr1,209881617,Zm00001eb039610,5.018659294750796,145,252.0,10,49,16,13,5,1
chr1,210024968,Zm00001eb039620,2.8626669109014293,197,263.0,21,87,20,11,4,1
chr1,219667307,Zm00001eb041750,3.2547150798762554,161,221.0,24,77,17,5,5,2
chr1,220331322,Zm00001eb041880,4.27083902359084,58,214.5,16,43,4,42,4,1
chr1,228006396,Zm00001eb043310,9.946821826323156,156,164.0,8,55,17,14,5,1
chr1,234060687,Zm00001eb044910,2.1490725006497247,83,235.5,18,26,11,3,2,1
chr1,234172152,Zm00001eb044970,2.283194705250409,437,719.0,16,303,29,23,9,3
chr1,241110893,Zm00001eb046750,2.221385354874377,82,231.0,22,30,8,3,1,4
chr1,241539557,Zm00001eb046960,1.4931449668293355,58,393.5,16,15,8,13,6,1
chr1,245361730,Zm00001eb047770,7.1755794559533985,65,236.5,14,17,9,15,8,1
chr1,248596857,Zm00001eb048390,5.293251429718321,104,162.0,18,38,18,16,9,1
chr1,250455723,Zm00001eb048710,3.3080792392493015,121,197.0,5,33,13,10,5,1
chr1,254679914,Zm00001eb049880,2.0255071593635225,114,326.0,21,24,8,3,3,1
chr1,254745792,Zm00001eb049920,1.4840239648110298,161,161.0,1,82,22,19,13,1
chr1,256721763,Zm00001eb050350,2.967144294346598,123,301.0,25,35,15,9,7,1
chr1,263870101,Zm00001eb052110,2.124106917694363,119,147.0,17,30,10,5,4,1
chr1,274494877,Zm00001eb055010,2.350013218095232,246,278.0,25,82,18,11,7,1
chr1,275076946,Zm00001eb055170,3.0545487766710915,181,231.0,25,78,17,13,4,3
chr1,276650852,Zm00001eb055620,3.0840355488625844,144,144.0,1,81,18,25,9,2
chr1,278826136,Zm00001eb056030,2.1339360185778684,62,182.5,20,20,11,8,6,1
chr1,282764868,Zm00001eb057160,1.9297323311764496,58,113.0,11,22,9,12,8,1
chr1,292328009,Zm00001eb059970,3.75243387349988,109,113.5,4,56,10,10,5,2
chr1,293484526,Zm00001eb060330,1.7107850348014724,237,467.0,25,73,19,16,7,1
chr1,293674250,Zm00001eb060410,2.382455404355214,144,182.0,25,41,13,16,7,1
chr1,294630742,Zm00001eb060730,3.766490117317838,283,519.0,25,71,18,13,6,1
chr1,296607704,Zm00001eb061370,2.515980070847814,155,263.0,25,31,12,3,2,4
chr1,297171952,Zm00001eb061520,1.69168016277512,133,229.0,23,47,16,13,5,2
chr1,297567154,Zm00001eb061760,2.2616050530421106,223,496.0,25,62,23,3,2,5
chr1,297821539,Zm00001eb061820,1.8927238208995572,269,388.0,25,78,21,4,3,2
chr1,297954395,Zm00001eb061860,1.9645315002438188,101,301.5,24,29,12,12,7,2
chr1,298119374,Zm00001eb061940,2.011460116416276,239,299.0,25,94,23,46,11,1
chr1,299161158,Zm00001eb062220,1.556245220513922,131,186.5,12,45,17,12,6,1
chr1,302187930,Zm00001eb063300,1.6836412220269683,163,461.5,24,75,17,12,6,2
chr1,306610697,Zm00001eb065000,3.849499542569564,206,356.0,25,119,23,37,15,1
chr2,6413681,Zm00001eb068910,2.9487015875250875,330,408.0,14,164,23,12,5,5
chr2,11570568,Zm00001eb071290,2.1910098163731746,106,160.0,22,27,10,4,3,1
chr2,11669559,Zm00001eb071360,2.2096785542951864,189,330.0,24,43,14,4,4,1
chr2,15238401,Zm00001eb072790,2.599665427912612,157,241.0,24,30,14,9,4,1
chr2,18375896,Zm00001eb073810,2.74040437964149,388,505.0,17,175,28,39,6,4
chr2,50978303,Zm00001eb082480,2.112619935604266,227,832.0,21,78,16,14,4,3
chr2,66222254,Zm00001eb084920,2.3696942297445207,306,392.0,25,148,23,25,8,1
chr2,84666680,Zm00001eb086540,5.451041171360822,175,175.0,1,87,21,19,9,2
chr2,91262529,Zm00001eb087050,1.7993221358770537,343,441.0,23,96,24,9,7,1
chr2,115957364,Zm00001eb089390,1.929141988092667,228,599.0,23,110,23,26,10,1
chr2,127623788,Zm00001eb090620,2.2895812390196606,321,353.0,24,101,21,4,3,2
chr2,129787929,Zm00001eb090730,2.2002636420852406,161,301.0,21,55,15,4,3,2
chr2,134943378,Zm00001eb091250,3.9303940206049,158,273.0,21,70,18,8,4,2
chr2,137218069,Zm00001eb091420,1.5741093788501044,58,68.5,16,17,5,11,3,3
chr2,149291040,Zm00001eb092900,3.683282732956356,270,399.0,25,95,22,10,7,1
chr2,150353833,Zm00001eb093120,4.107570323715804,338,478.0,25,167,24,29,8,1
chr2,157709917,Zm00001eb094240,2.7660951915360297,142,255.0,25,88,17,27,9,1
chr2,159164367,Zm00001eb094480,2.6400627341813325,424,757.0,25,190,26,18,6,3
chr2,159636350,Zm00001eb094520,1.8043074544860256,60,125.0,16,26,11,24,10,1
chr2,160906572,Zm00001eb094610,1.9148125674673215,130,242.5,16,49,16,16,5,1
chr2,165512139,Zm00001eb095350,1.7922653212566346,58,348.0,11,14,8,10,7,1
chr2,179202379,Zm00001eb097990,3.416799706097878,131,217.0,25,34,14,7,3,2
chr2,184394540,Zm00001eb099240,2.3588175467836083,177,877.0,25,68,19,19,10,1
chr2,187908036,Zm00001eb099850,1.5555304707154634,83,150.5,12,29,11,19,7,1
chr2,188343833,Zm00001eb099930,2.043435168426184,63,260.0,17,24,8,11,5,1
chr2,189051241,Zm00001eb100140,1.9935988145958217,521,611.0,25,152,24,20,8,1
chr2,195309375,Zm00001eb101980,2.0274421820994974,122,260.0,25,57,14,22,9,1
chr2,197316674,Zm00001eb102250,2.374165845346326,74,459.0,14,12,8,3,3,1
chr2,199471918,Zm00001eb102770,3.72460756663395,182,233.0,21,72,18,25,6,1
chr2,201176114,Zm00001eb103260,2.321060806569264,228,268.0,25,112,24,13,8,1
chr2,203976292,Zm00001eb104260,3.1423662585172822,696,773.0,13,246,29,11,7,2
chr2,204129280,Zm00001eb104300,2.0729768128253014,233,233.0,1,122,21,51,9,2
chr2,205427329,Zm00001eb104810,3.306003782257017,141,171.5,4,42,12,15,5,3
chr2,208547792,Zm00001eb105590,3.1140159289396037,122,210.0,15,64,17,33,8,2
chr2,208963532,Zm00001eb105750,3.984082892776928,59,92.0,21,8,6,8,6,1
chr2,210156220,Zm00001eb106100,2.2421915352182813,233,323.0,25,79,21,13,4,3
chr2,210259382,Zm00001eb106160,1.6798491547575147,328,422.0,25,128,20,13,8,1
chr2,210450109,Zm00001eb106240,0.774454218968955,62,62.0,1,17,7,17,7,1
chr2,210507799,Zm00001eb106250,1.8393724624089127,129,155.5,10,32,15,3,3,1
chr2,213303119,Zm00001eb107400,1.7135357031632072,66,119.0,19,36,8,30,8,1
chr2,216082865,Zm00001eb108390,3.0303187230202746,237,352.0,25,83,21,7,5,1
chr2,218577186,Zm00001eb109520,3.0542274549644044,60,362.5,24,29,6,16,4,1
chr2,219207006,Zm00001eb109710,2.3621668479860167,142,632.5,24,56,10,15,2,12
chr2,219308618,Zm00001eb109770,4.723984419407953,177,787.0,25,35,17,13,8,1
chr2,219948998,Zm00001eb110020,2.196394333079513,252,335.5,6,99,26,8,4,1
chr2,221893832,Zm00001eb110760,1.8964085092470744,581,682.0,3,289,30,12,8,2
chr2,227252089,Zm00001eb112590,1.7042008650994074,131,433.5,20,66,18,3,3,1
chr2,229264642,Zm00001eb113090,3.226892876942958,185,288.0,25,77,19,16,8,1
chr2,231733039,Zm00001eb113950,2.4276087436468217,126,169.5,22,37,16,13,7,1
chr2,231974874,Zm00001eb114030,2.9034353041982452,92,161.0,12,47,20,33,14,1
chr2,240761302,Zm00001eb117470,1.933356301671669,222,353.0,25,116,21,13,6,1
chr2,241868493,Zm00001eb117970,2.2725010919480866,301,374.0,25,138,24,6,4,4
chr3,1394090,Zm00001eb118790,2.2539416957231064,172,191.0,25,75,19,31,11,1
chr3,2105164,Zm00001eb119270,2.135287702759879,164,415.5,16,87,14,28,9,1
chr3,4403930,Zm00001eb120360,3.413018641119319,131,189.0,25,89,12,2,2,2
chr3,5797323,Zm00001eb121000,1.5710459829429757,90,128.0,18,61,11,3,3,1
chr3,8139290,Zm00001eb121590,1.744482690570362,351,407.0,23,153,24,25,8,1
chr3,8816775,Zm00001eb121890,2.2326596187640484,97,131.0,18,55,14,26,6,1
chr3,8920662,Zm00001eb122000,2.492254597951363,100,224.0,3,26,13,3,2,2
chr3,9277928,Zm00001eb122170,1.6246188408538758,136,288.0,25,103,15,6,5,1
chr3,9385012,Zm00001eb122200,1.8618692704715207,260,598.0,25,74,19,17,7,1
chr3,10164283,Zm00001eb122460,1.6020125619309538,119,343.0,23,85,15,7,4,1
chr3,12504511,Zm00001eb122970,2.7552397663550363,88,244.0,25,15,9,7,5,1
chr3,13885162,Zm00001eb123370,5.053987026020242,309,372.0,25,146,21,12,8,1
chr3,16582531,Zm00001eb124070,3.3949988028314917,381,513.0,24,150,23,5,4,3
chr3,19793856,Zm00001eb124780,6.626307350143475,129,322.0,25,44,13,13,7,1
chr3,23440020,Zm00001eb125470,2.5685126941439624,65,118.0,17,36,8,25,8,1
chr3,24544548,Zm00001eb125670,2.153081217691684,64,126.0,18,23,12,8,7,1
chr3,28739489,Zm00001eb126330,2.5423300346672986,321,397.0,25,66,18,6,4,1
chr3,30093262,Zm00001eb126650,2.613780193933824,120,215.5,16,65,18,19,8,1
chr3,37290665,Zm00001eb127860,1.6422511574694476,484,880.0,25,190,26,18,6,2
chr3,48267116,Zm00001eb129370,1.9990235414204056,432,436.5,2,197,25,19,3,16
chr3,49482162,Zm00001eb129580,3.570384747350408,109,218.0,22,30,11,13,4,1
chr3,68382243,Zm00001eb131690,2.46461909420489,194,295.5,24,92,21,19,11,1
chr3,70286034,Zm00001eb131860,2.648928550238483,152,366.0,25,49,18,13,9,1
chr3,107858865,Zm00001eb134200,4.492995826850416,770,1126.5,24,324,32,20,6,2
chr3,120935326,Zm00001eb135710,4.5840249634856125,87,242.0,16,30,15,10,4,1
chr3,127174606,Zm00001eb136350,2.18591599474495,599,725.0,21,230,29,13,8,4
chr3,133837428,Zm00001eb137500,2.4802241689362075,150,570.0,23,42,15,16,8,1
chr3,137811367,Zm00001eb138290,2.2529353490446553,581,650.0,25,291,27,16,8,1
chr3,137930351,Zm00001eb138300,2.1895306784654274,85,221.0,22,27,7,5,1,5
chr3,144023725,Zm00001eb139410,2.698116925762295,512,678.0,25,341,28,6,5,3
chr3,144772101,Zm00001eb139520,2.142356257271965,201,327.0,25,93,21,25,7,2
chr3,145520648,Zm00001eb139660,3.9622906001192386,111,472.0,25,80,16,51,5,4
chr3,147103568,Zm00001eb139920,3.0395723230038407,407,698.0,25,278,27,21,9,2
chr3,148503239,Zm00001eb140330,2.4660033014890264,66,120.0,3,17,9,5,4,1
chr3,148810719,Zm00001eb140420,3.089985574795782,97,174.0,22,22,10,11,6,1
chr3,150304881,Zm00001eb140720,3.1652220350904807,297,680.0,25,135,24,34,6,1
chr3,160577721,Zm00001eb142940,1.996247966587519,59,227.0,17,10,3,10,3,3
chr3,161861731,Zm00001eb143140,4.868431744459166,59,362.0,25,7,4,5,4,1
chr3,163555665,Zm00001eb143370,5.44944864441484,63,181.0,9,16,10,12,8,1
chr3,163930045,Zm00001eb143460,2.8587039833583954,449,525.5,22,275,24,25,7,3
chr3,170915078,Zm00001eb144360,3.0999196988574975,274,335.5,24,155,23,16,8,1
chr3,171120618,Zm00001eb144450,2.5403550348152293,59,59.0,1,55,9,52,9,1
chr3,172182737,Zm00001eb144650,2.719783098047161,145,389.0,25,140,21,38,6,1
chr3,172976940,Zm00001eb144840,1.6177074130778542,148,161.0,3,38,13,20,7,2
chr3,173688086,Zm00001eb145100,1.5930707008182463,183,277.0,25,80,19,29,11,1
chr3,183850314,Zm00001eb147750,1.3081921082906085,477,778.0,25,173,28,8,7,4
chr3,185093979,Zm00001eb148130,2.0891111623814975,63,213.0,6,12,11,10,10,1
chr3,186809419,Zm00001eb148640,2.2057095350318794,74,406.5,16,19,7,15,5,1
chr3,187164382,Zm00001eb148780,1.530576759378904,135,323.0,24,95,18,19,3,2
chr3,190837124,Zm00001eb149700,2.016873673081728,82,97.5,6,20,8,6,4,1
chr3,191468075,Zm00001eb149900,1.7551391449030909,91,531.0,17,32,13,21,9,1
chr3,192787595,Zm00001eb150550,0.99628196713376,68,127.0,3,41,10,6,2,2
chr3,194401490,Zm00001eb150960,6.626846311236884,214,269.0,16,65,25,2,2,1
chr3,199104117,Zm00001eb152080,2.7188418479420946,292,433.5,22,114,20,15,7,1
chr3,203944342,Zm00001eb153500,4.407908919107358,118,176.0,21,37,14,10,8,1
chr3,205007922,Zm00001eb153830,1.9320962088902591,158,158.0,1,49,13,9,3,1
chr3,209926939,Zm00001eb155350,1.861742683775256,302,413.0,23,181,24,21,10,1
chr3,213069872,Zm00001eb156460,2.599210689514044,259,417.0,25,118,22,18,6,2
chr3,213192022,Zm00001eb156500,14.427226648287652,164,404.0,25,65,16,15,4,3
chr3,214206618,Zm00001eb156710,4.168348144184937,295,551.0,25,130,22,30,10,2
chr3,217637108,Zm00001eb157820,2.7854375855586,118,178.0,17,31,16,7,5,1
chr3,219845503,Zm00001eb158370,0.7908584744590792,136,136.0,1,74,14,8,3,1
chr3,220152206,Zm00001eb158500,2.063671916088679,127,254.0,19,32,10,14,5,2
chr3,221941447,Zm00001eb159080,1.996860070827555,376,528.0,25,149,24,20,11,1
chr3,231271693,Zm00001eb162130,1.9819117322033593,127,184.0,23,105,17,14,6,1
chr3,233212650,Zm00001eb162710,2.2204319656711395,236,378.0,25,111,24,19,15,1
chr3,234870111,Zm00001eb163100,2.4322249176079063,147,278.0,25,47,15,9,6,1
chr3,235166050,Zm00001eb163210,4.823322684804878,265,334.0,25,87,20,8,6,1
chr3,235713991,Zm00001eb163480,2.23081181371385,304,394.0,2,187,23,10,3,6
chr3,236259214,Zm00001eb163710,2.4384996737793427,152,211.5,4,51,12,5,3,3
chr3,236418050,Zm00001eb163800,2.9349588111317213,260,393.0,25,120,20,27,8,2
chr4,2047841,Zm00001eb164790,2.315942755895786,693,818.0,11,298,29,2,2,1
chr4,18974773,Zm00001eb169350,3.932742361674885,278,456.5,20,116,23,38,10,1
chr4,22255547,Zm00001eb169970,5.027131847221161,76,146.0,6,15,8,4,3,1
chr4,22444656,Zm00001eb169990,6.817995601954361,260,355.0,19,111,22,18,3,2
chr4,28342592,Zm00001eb171030,1.972462297927824,158,158.0,1,51,19,22,9,1
chr4,32604294,Zm00001eb172070,2.462041241439892,114,283.0,25,39,16,8,7,1
chr4,34451809,Zm00001eb172450,1.918596607040125,355,413.0,11,94,20,9,5,1
chr4,35993232,Zm00001eb172780,3.0310799984111823,118,433.5,16,39,13,15,7,2
chr4,37192386,Zm00001eb172970,1.6631135426244656,124,225.0,24,49,14,11,7,1
chr4,39120195,Zm00001eb173500,1.6807045361079327,505,580.0,25,161,29,4,3,7
chr4,44170160,Zm00001eb174710,1.9109180498632172,493,584.5,14,193,28,9,7,2
chr4,47116254,Zm00001eb175230,2.288702790845905,61,97.0,5,22,11,12,5,1
chr4,59440786,Zm00001eb176590,1.3981270049641512,162,273.0,25,64,12,10,7,1
chr4,70420623,Zm00001eb177830,2.4362561512401566,61,81.0,21,44,13,40,12,1
chr4,74114150,Zm00001eb178280,2.5964933611315097,151,240.0,17,69,15,7,4,1
chr4,83096032,Zm00001eb179290,2.5907585948602705,419,490.0,25,132,24,5,3,4
chr4,86785717,Zm00001eb179750,3.631219078067788,160,265.0,2,103,17,9,5,3
chr4,123536641,Zm00001eb182260,3.4683844000086848,147,440.0,24,92,11,24,7,1
chr4,147044205,Zm00001eb185040,1.9027022709126704,195,301.0,25,78,21,6,3,2
chr4,154507836,Zm00001eb186120,3.2353168813696147,199,374.0,25,123,19,24,8,2
chr4,158778172,Zm00001eb186820,3.173569977080558,118,197.0,25,7,7,3,3,1
chr4,162371023,Zm00001eb187670,2.378608311491472,110,209.0,3,51,17,7,5,1
chr4,162955738,Zm00001eb187800,2.2977816876713417,78,109.0,5,23,10,13,8,1
chr4,166534010,Zm00001eb188700,5.421301104322435,334,409.5,24,120,25,30,11,2
chr4,176530292,Zm00001eb191380,1.4725591162438447,225,304.5,22,75,19,25,6,2
chr4,178453918,Zm00001eb192150,1.899920669382254,103,139.0,2,31,16,7,6,1
chr4,183560529,Zm00001eb193640,3.1278602552196215,409,461.5,4,176,23,4,3,8
chr4,188805546,Zm00001eb195000,1.6814761433417835,151,209.0,25,78,20,6,3,2
chr4,192353067,Zm00001eb196380,1.8320463985670763,159,693.0,22,53,18,22,10,1
chr4,193101732,Zm00001eb196600,2.8674926792782833,445,481.0,12,189,27,21,10,4
chr4,198955435,Zm00001eb198110,2.308612467412072,81,193.0,25,23,6,2,2,1
chr4,198983254,Zm00001eb198120,1.490005611164971,120,202.0,13,23,11,7,6,1
chr4,205877979,Zm00001eb199940,4.098814330310352,85,348.5,2,25,11,12,3,1
chr4,207015716,Zm00001eb200140,2.354079152205055,58,104.0,22,10,7,5,3,1
chr4,207892864,Zm00001eb200440,3.5257089141939946,280,326.0,25,103,19,6,5,1
chr4,208625246,Zm00001eb200590,3.1115924936727684,101,204.0,23,21,10,3,3,1
chr4,212104110,Zm00001eb201090,6.454553502625511,334,723.0,25,162,25,23,12,1
chr4,212273966,Zm00001eb201100,5.598555575237356,134,217.0,5,30,14,18,9,1
chr4,218320182,Zm00001eb202020,3.776223951223463,204,267.0,25,112,21,7,5,1
chr4,218406423,Zm00001eb202030,2.616696406649417,100,139.5,4,28,12,15,6,1
chr4,226807901,Zm00001eb203240,3.341135025387979,132,132.0,1,43,15,14,4,1
chr4,231395241,Zm00001eb204030,3.776154804882046,221,224.0,2,70,22,6,3,3
chr4,243744385,Zm00001eb206750,2.952833078683929,412,543.0,24,185,28,20,5,1
chr4,243828411,Zm00001eb206800,1.5748227706490667,153,668.5,24,51,15,17,7,1
chr4,245967276,Zm00001eb207920,2.435194616190339,300,471.0,25,124,17,47,5,5
chr4,246974498,Zm00001eb208430,1.9865494578769367,86,270.0,24,21,11,20,11,1
chr4,247481976,Zm00001eb208710,1.9439999256388856,176,311.5,20,58,17,12,7,2
chr4,248497085,Zm00001eb209380,1.8078821906883915,160,160.0,1,45,19,5,4,1
chr5,2582951,Zm00001eb211620,2.0878067972527448,69,99.0,25,27,8,24,8,1
chr5,2679905,Zm00001eb211740,2.0055852743209135,702,927.0,19,338,29,21,8,2
chr5,2722689,Zm00001eb211780,1.4740766603580426,285,357.0,24,75,19,9,6,1
chr5,3799865,Zm00001eb212520,1.0581936876932885,117,303.0,7,36,17,10,5,1
chr5,3929566,Zm00001eb212610,2.5476844419306603,117,529.5,18,36,15,19,12,1
chr5,4304943,Zm00001eb212810,4.4476800731906225,132,274.0,24,48,11,12,7,1
chr5,4539678,Zm00001eb212940,4.0980270622678345,678,1013.0,6,324,28,14,5,21
chr5,6342999,Zm00001eb214080,2.2064550188307166,174,817.0,21,36,14,6,4,1
chr5,9017699,Zm00001eb215480,2.0849681970533394,125,138.0,2,24,14,9,6,1
chr5,9899872,Zm00001eb215680,3.256816592667565,211,976.0,23,137,20,27,12,1
chr5,10003009,Zm00001eb215710,2.539472552732426,561,706.0,25,268,28,44,7,4
chr5,10159988,Zm00001eb215780,1.63281724559116,292,356.5,2,89,22,29,10,1
chr5,10575019,Zm00001eb216000,2.796844178065814,279,449.0,25,146,22,38,6,1
chr5,13128960,Zm00001eb217010,3.167194025229343,225,312.0,13,74,17,8,6,2
chr5,14254464,Zm00001eb217390,3.960275009599692,86,123.0,6,21,10,8,3,1
chr5,14614921,Zm00001eb217560,1.8976472087481904,438,462.0,5,170,22,12,3,3
chr5,19107568,Zm00001eb219040,2.410048121163423,234,294.0,25,69,18,12,6,2
chr5,19510487,Zm00001eb219210,2.188119226814984,245,432.0,23,134,22,25,9,3
chr5,21032251,Zm00001eb219710,1.848124679262618,138,303.0,25,27,12,9,3,1
chr5,32352203,Zm00001eb222310,2.874238956905657,125,221.0,7,33,15,9,7,1
chr5,51768174,Zm00001eb225790,4.0288094026258445,189,436.0,25,65,15,8,6,1
chr5,58804250,Zm00001eb227020,1.887218699133968,81,153.5,14,19,10,11,5,1
chr5,59946133,Zm00001eb227200,2.305646447426234,273,867.0,20,79,15,13,5,1
chr5,60016925,Zm00001eb227240,2.614639658175785,233,261.5,24,60,14,7,5,2
chr5,60347328,Zm00001eb227310,3.539510209205446,111,111.0,1,37,14,6,4,2
chr5,60404792,Zm00001eb227330,1.6322288517979,110,167.5,12,34,13,22,8,1
chr5,60874715,Zm00001eb227400,2.8731706347228676,521,714.0,25,199,28,15,7,2
chr5,61446348,Zm00001eb227670,5.5371808019707265,59,118.5,22,33,8,30,8,1
chr5,63257241,Zm00001eb228090,2.5466650592937663,142,235.0,11,35,15,5,3,2
chr5,63491996,Zm00001eb228160,2.0854684599772058,63,236.0,13,32,6,30,4,1
chr5,84480191,Zm00001eb232710,1.8662184300906264,130,224.0,17,34,15,8,8,1
chr5,91349547,Zm00001eb233730,3.4568081099510115,341,341.0,1,116,19,33,8,1
chr5,100436856,Zm00001eb234620,3.4991405375220848,104,161.0,6,29,9,13,7,1
chr5,138337529,Zm00001eb237500,3.7666607845588014,242,357.0,25,90,22,13,8,1
chr5,147071399,Zm00001eb238620,2.101410767301607,287,293.0,6,128,24,3,3,1
chr5,147580358,Zm00001eb238670,2.4797842854311596,155,175.0,2,61,19,4,2,1
chr5,159177486,Zm00001eb240160,3.150560673239874,502,868.0,25,234,30,22,11,2
chr5,162417985,Zm00001eb240750,2.0331125781654853,256,301.0,22,106,26,19,7,1
chr5,165941716,Zm00001eb241400,2.227398896228534,258,380.0,25,127,25,23,4,3
chr5,167200610,Zm00001eb241780,2.649178803799349,188,301.0,5,85,16,45,10,1
chr5,177500754,Zm00001eb243970,2.201691679038871,64,230.5,24,21,4,19,4,1
chr5,179748634,Zm00001eb244930,4.753694942534736,264,402.0,25,155,23,9,6,1
chr5,181666853,Zm00001eb245410,3.7983113281608527,108,593.0,6,26,9,8,5,1
chr5,183345807,Zm00001eb245840,3.1519521318875774,157,223.0,21,49,20,5,3,1
chr5,185128518,Zm00001eb246360,1.7253885350789702,128,128.0,1,48,18,19,7,1
chr5,185610092,Zm00001eb246440,2.855413475989271,210,322.0,23,109,22,20,5,3
chr5,185969286,Zm00001eb246590,3.533033625402345,360,432.0,11,189,20,8,4,5
chr5,187363173,Zm00001eb246850,2.116124084261831,272,272.0,1,107,20,16,2,13
chr5,190042182,Zm00001eb247540,2.689918027031855,116,408.0,22,17,11,10,7,1
chr5,192527539,Zm00001eb248290,3.045578705346374,403,412.0,6,159,25,23,7,2
chr5,192696772,Zm00001eb248350,1.8501334723944156,133,245.0,25,52,20,9,5,2
chr5,192898521,Zm00001eb248530,2.0869914285378406,60,162.0,25,8,5,4,4,1
chr5,193107259,Zm00001eb248620,3.566530348832343,60,202.0,24,36,5,15,3,6
chr5,199009303,Zm00001eb250370,1.8339465166225088,372,415.5,12,158,25,12,6,2
chr5,204023118,Zm00001eb250610,1.5294181024110318,90,219.0,11,35,13,29,12,1
chr5,205962090,Zm00001eb251070,1.8363397923573328,159,513.0,22,73,16,17,8,1
chr5,208499872,Zm00001eb251900,2.0480367921719203,64,210.0,21,17,9,13,7,1
chr5,209205811,Zm00001eb252160,2.355996357405278,273,293.0,22,128,25,14,8,1
chr5,209563666,Zm00001eb252250,3.1936707580998416,364,523.0,11,185,27,31,6,2
chr5,209976915,Zm00001eb252380,1.331292388796791,88,196.5,2,27,9,16,5,1
chr5,210135106,Zm00001eb252460,2.800267841073044,418,566.0,25,185,26,28,7,3
chr5,210672360,Zm00001eb252640,2.184338854040075,58,100.0,5,22,7,22,7,1
chr5,212216401,Zm00001eb253150,1.66884832394174,240,698.0,21,90,20,9,9,1
chr5,213145580,Zm00001eb253690,2.9414167343446964,77,434.0,23,26,9,17,6,1
chr5,216053809,Zm00001eb254940,3.0368323958172567,334,860.0,15,127,27,10,3,2
chr5,218429727,Zm00001eb255980,2.8306111394814533,73,401.0,25,38,9,28,7,1
chr5,219599710,Zm00001eb256460,2.535602526846472,125,209.5,8,39,15,21,7,1
chr5,222003901,Zm00001eb257810,3.7401838527052793,67,98.0,17,33,7,11,1,11
chr5,222551203,Zm00001eb258090,1.8890916082673856,99,161.0,7,38,14,10,9,1
chr5,222744777,Zm00001eb258170,4.794391153447574,175,367.0,25,38,13,8,4,2
chr5,224090715,Zm00001eb258890,1.9603346592901425,496,597.0,25,377,26,16,9,2
chr5,224227778,Zm00001eb258970,1.890023995138449,64,126.0,20,2,2,1,1,1
chr5,224374169,Zm00001eb259070,1.9507576650897027,113,219.0,15,45,13,11,6,1
chr6,7501354,Zm00001eb260350,2.401949872078158,190,386.0,25,74,24,15,10,1
chr6,8188344,Zm00001eb260480,3.5478175791548217,149,186.5,4,39,14,3,2,2
chr6,10181290,Zm00001eb260970,1.9402762306550076,118,162.5,6,44,17,24,10,1
chr6,29131841,Zm00001eb264550,2.565167807096685,183,294.0,25,80,20,21,9,1
chr6,36004831,Zm00001eb265520,1.7809825153208412,174,304.0,25,82,18,32,7,1
chr6,44084585,Zm00001eb266600,1.3833691488817503,142,196.0,25,76,21,44,15,1
chr6,44126781,Zm00001eb266620,2.9601877835961656,61,131.0,25,20,8,17,6,1
chr6,64425664,Zm00001eb268420,2.5182726232604637,647,696.0,18,318,27,7,4,4
chr6,71846402,Zm00001eb269400,5.37515032156037,211,383.0,25,102,21,33,8,1
chr6,92924064,Zm00001eb272170,3.261713651505997,59,223.0,4,30,11,30,11,1
chr6,94722184,Zm00001eb272520,2.0781202486092107,195,304.0,25,79,18,23,8,1
chr6,98445058,Zm00001eb273360,3.373963504912398,301,395.0,11,125,20,22,6,2
chr6,102898532,Zm00001eb274240,2.18760956779572,184,263.5,2,60,16,5,3,1
chr6,110082271,Zm00001eb276160,2.0697966596880257,191,290.5,24,77,14,14,6,1
chr6,110151986,Zm00001eb276190,2.448600298541365,200,446.0,25,64,18,10,6,1
chr6,117817772,Zm00001eb278120,1.707022122288353,183,269.0,22,98,24,9,7,1
chr6,117850289,Zm00001eb278130,2.9195594793576416,78,153.0,25,34,13,13,8,1
chr6,124409130,Zm00001eb279790,9.795547365688725,72,99.0,5,15,10,3,3,1
chr6,126409344,Zm00001eb280210,1.7960201177908428,241,288.0,3,73,19,16,6,4
chr6,130867559,Zm00001eb280970,3.748817075985064,171,552.0,15,83,22,4,3,1
chr6,134534847,Zm00001eb282040,2.0901105758952907,461,499.0,21,156,26,6,5,2
chr6,138984500,Zm00001eb282990,2.655137442273228,349,417.0,8,186,23,5,2,9
chr6,139381527,Zm00001eb283110,2.856266283830376,81,444.0,25,55,15,30,12,1
chr6,139654163,Zm00001eb283200,2.0579915874978787,139,293.0,25,48,13,3,3,1
chr6,141497453,Zm00001eb283750,3.2282312202661316,170,252.0,25,121,15,50,8,1
chr6,142919744,Zm00001eb284070,2.017722385261348,63,86.0,9,17,10,12,7,1
chr6,143072104,Zm00001eb284120,2.8262855781437546,66,453.0,6,29,10,15,7,2
chr6,144722672,Zm00001eb284450,1.6809466919998697,138,183.0,20,79,13,37,7,1
chr6,144921415,Zm00001eb284520,1.9900310270162969,128,306.0,25,35,12,5,5,1
chr6,152679315,Zm00001eb286540,1.5857986645549182,345,417.0,23,135,25,16,8,1
chr6,158302188,Zm00001eb288150,3.3074906339787136,101,123.5,4,30,11,9,6,1
chr6,159037925,Zm00001eb288420,2.9114444910666863,345,361.0,2,123,23,9,5,2
chr6,162664891,Zm00001eb289600,1.881835007983475,158,173.0,7,67,18,9,4,2
chr6,165528366,Zm00001eb290750,2.687972913495488,102,318.0,25,35,9,9,4,1
chr6,166984831,Zm00001eb291350,2.8153083422748817,67,118.0,25,30,11,14,7,1
chr6,170739704,Zm00001eb293130,3.7275814784711905,193,570.0,23,115,16,24,5,3
chr6,172670934,Zm00001eb294000,2.0012701891866422,81,127.5,24,55,11,11,2,4
chr6,173977731,Zm00001eb294740,1.9243978925261265,84,143.0,25,22,12,8,4,2
chr6,175625843,Zm00001eb295670,3.049368935343808,256,444.0,25,137,19,30,6,1
chr6,175938755,Zm00001eb295800,2.572293252703069,341,574.0,25,130,23,18,7,1
chr7,880702,Zm00001eb298140,2.081148712700112,406,471.0,25,204,26,25,9,1
chr7,1059198,Zm00001eb298180,2.905709175966613,241,366.0,25,101,23,9,7,2
chr7,1401739,Zm00001eb298400,2.4936713485215716,153,253.0,25,44,17,18,8,1
chr7,5273290,Zm00001eb299970,2.493335649869251,240,296.0,13,102,15,12,5,5
chr7,6870529,Zm00001eb300490,2.4773540200623496,274,331.0,25,100,24,13,8,1
chr7,10524518,Zm00001eb301430,1.4359456092472174,170,194.0,11,133,18,70,6,1
chr7,10719162,Zm00001eb301470,1.3331421122645593,368,420.0,25,163,23,12,5,5
chr7,10933578,Zm00001eb301540,5.061909574591178,389,461.0,24,201,26,36,7,1
chr7,13954725,Zm00001eb302270,2.552939442944594,67,111.5,6,37,10,22,5,1
chr7,17959685,Zm00001eb302940,4.686390244607297,193,278.0,25,59,18,17,9,1
chr7,18956238,Zm00001eb303060,1.7875926306467889,171,297.0,25,67,20,26,15,1
chr7,20132866,Zm00001eb303280,2.66532678268429,350,544.0,25,245,24,13,9,3
chr7,21757630,Zm00001eb303620,2.369923834793785,64,453.0,7,35,8,34,8,1
chr7,22297801,Zm00001eb303740,2.5093168700910597,101,279.0,25,33,13,17,8,1
chr7,24551813,Zm00001eb304110,2.6149041861269624,189,265.0,25,81,16,22,6,2
chr7,27378767,Zm00001eb304560,3.8414810666527024,411,427.0,20,249,24,10,7,1
chr7,52719477,Zm00001eb307400,2.282258721460169,88,255.0,16,23,10,9,6,1
chr7,82964676,Zm00001eb308990,1.4127807266210728,91,572.0,24,35,13,16,7,1
chr7,89902299,Zm00001eb309590,1.483412957501383,254,312.0,19,80,19,17,7,3
chr7,104978194,Zm00001eb311230,3.004041531384752,72,341.0,13,42,14,12,3,2
chr7,112626983,Zm00001eb312020,2.776015685879615,222,316.0,21,53,18,10,5,2
chr7,115955090,Zm00001eb312440,1.95379483851799,283,284.0,3,121,26,7,6,4
chr7,121094007,Zm00001eb312990,5.4270744724144935,143,224.0,25,58,16,40,11,1
chr7,123472084,Zm00001eb313460,2.315207457748919,69,471.0,25,14,7,10,5,1
chr7,127366190,Zm00001eb314230,1.7220254620463895,166,276.0,25,85,22,18,7,1
chr7,136373078,Zm00001eb316180,2.0457408494500875,243,411.0,25,69,22,14,5,2
chr7,137154179,Zm00001eb316410,3.622077143871217,193,279.0,22,52,15,2,2,2
chr7,152794976,Zm00001eb320760,2.359105314688309,139,699.0,17,30,11,6,5,1
chr7,152901826,Zm00001eb320800,2.376782648274342,632,746.5,2,296,31,11,10,2
chr7,162221242,Zm00001eb322690,5.814676515804214,225,372.5,14,117,21,16,8,1
chr7,164514551,Zm00001eb323490,2.505228500913015,185,327.0,25,48,18,9,6,1
chr7,164771432,Zm00001eb323570,2.326173244124276,63,75.5,2,9,6,8,5,1
chr7,169218303,Zm00001eb325330,2.856167218397106,69,263.5,12,34,13,6,3,2
chr7,169303840,Zm00001eb325370,2.7983655340285414,222,222.0,1,81,15,12,3,2
chr7,173331955,Zm00001eb327030,2.6794854885435906,181,232.0,25,54,17,12,7,1
chr7,173667431,Zm00001eb327110,2.1224344819281495,179,213.0,3,50,19,12,3,3
chr7,174664944,Zm00001eb327480,1.751090382141502,64,64.0,1,46,10,17,6,2
chr7,175668363,Zm00001eb327810,1.7000016003088825,105,315.5,20,22,12,3,3,1
chr7,175680502,Zm00001eb327830,2.3878964371314235,456,559.0,25,154,27,19,9,1
chr7,176262487,Zm00001eb328010,1.9647970392261265,97,151.0,18,82,11,73,9,1
chr7,176970350,Zm00001eb328440,6.513330994649963,336,390.0,25,212,23,16,6,2
chr7,179464147,Zm00001eb329360,4.1646562021484925,254,327.0,19,82,16,9,4,3
chr7,179751510,Zm00001eb329550,1.8798292276384685,405,485.0,25,239,25,32,10,2
chr7,180810886,Zm00001eb329970,2.173099184046629,297,350.0,25,128,21,21,9,1
chr7,181733597,Zm00001eb330450,2.9306116708948107,215,244.0,2,92,21,5,2,1
chr7,184184149,Zm00001eb331730,2.510958997747418,77,158.5,10,33,8,32,8,1
chr8,1617992,Zm00001eb332500,2.437675494292419,259,340.0,15,170,25,20,8,1
chr8,1749181,Zm00001eb332530,1.1478488548900925,68,159.0,25,26,10,21,8,1
chr8,8506709,Zm00001eb334370,2.5248681663994876,270,384.0,25,149,15,35,6,4
chr8,8775687,Zm00001eb334480,2.4471928673778685,483,956.0,3,167,28,17,5,3
chr8,10520954,Zm00001eb334810,1.9462046699975093,224,317.0,25,98,22,20,5,2
chr8,13302694,Zm00001eb335380,3.8109937345835183,98,234.0,18,41,15,28,12,1
chr8,14488803,Zm00001eb335790,5.730815164538821,163,356.0,25,106,16,15,7,1
chr8,14821883,Zm00001eb335870,2.0682081316758447,183,221.0,25,106,22,7,5,1
chr8,17930775,Zm00001eb336750,1.4278999050363927,187,286.0,25,82,20,14,6,1
chr8,19585956,Zm00001eb337140,2.5272997434692557,141,150.0,3,47,14,16,10,1
chr8,22431123,Zm00001eb337820,3.057842496153543,63,310.0,11,6,5,5,4,1
chr8,35510978,Zm00001eb339970,2.2879860081957872,376,490.0,14,169,22,17,6,1
chr8,63618585,Zm00001eb342350,2.869637650985566,121,148.0,24,64,16,9,3,1
chr8,74324726,Zm00001eb344390,5.125252714907451,268,297.0,25,96,21,11,5,1
chr8,95195123,Zm00001eb347380,2.113338649333199,110,233.0,5,49,16,22,10,1
chr8,107751729,Zm00001eb349530,6.414710185889344,121,146.0,23,44,15,11,9,1
chr8,111330142,Zm00001eb350050,2.270372570453316,155,437.0,25,68,16,16,9,1
chr8,116309207,Zm00001eb350800,3.043002445624664,123,211.0,17,40,11,7,5,1
chr8,120328484,Zm00001eb351640,4.244194216337269,60,77.0,23,7,5,4,3,1
chr8,120770399,Zm00001eb351780,2.2373508295204845,653,717.5,2,208,31,12,6,4
chr8,121249849,Zm00001eb351910,2.6652840215089357,172,257.0,25,68,15,19,7,1
chr8,121472803,Zm00001eb351960,1.470523439041034,234,352.0,12,88,22,13,9,1
chr8,122598520,Zm00001eb352310,5.150081652451887,128,264.0,21,40,14,7,4,1
chr8,125692145,Zm00001eb352940,2.9148668990011504,290,430.0,25,127,24,15,7,1
chr8,132884231,Zm00001eb354530,2.7259268863491086,144,214.0,25,63,20,22,7,1
chr8,135407191,Zm00001eb355170,7.387917666386748,497,612.0,25,189,29,20,5,9
chr8,138292923,Zm00001eb356090,2.489816512747927,412,706.0,25,207,32,30,11,1
chr8,139542115,Zm00001eb356410,1.002036770545491,73,93.0,3,35,10,32,9,1
chr8,139633555,Zm00001eb356430,2.9344690963873594,729,729.0,1,399,30,14,5,5
chr8,141846950,Zm00001eb356920,2.1281626349460367,284,459.0,25,97,22,20,9,1
chr8,143422255,Zm00001eb357290,1.3467381600489003,230,788.0,25,55,15,7,6,1
chr8,143696517,Zm00001eb357340,2.3397966562317483,175,307.5,22,80,18,33,10,2
chr8,144808376,Zm00001eb357600,2.6331342190462195,435,600.0,25,245,31,15,6,1
chr8,148019718,Zm00001eb358310,4.062382971328123,73,157.0,21,26,7,23,5,1
chr8,148220192,Zm00001eb358380,3.606833458385681,105,187.5,6,38,15,14,5,1
chr8,149082352,Zm00001eb358690,3.271785325755113,354,401.5,22,146,23,20,9,1
chr8,151310228,Zm00001eb359400,4.113862535067752,120,171.5,18,29,12,10,6,1
chr8,154803605,Zm00001eb360330,2.4156289925880072,142,233.0,25,21,14,4,3,1
chr8,158078802,Zm00001eb361180,2.784443667316501,120,134.0,3,46,15,24,11,1
chr8,160124268,Zm00001eb361900,3.050999025132883,282,652.0,22,186,21,10,4,1
chr8,162966385,Zm00001eb362270,2.791335446100365,147,215.0,24,67,17,11,4,3
chr8,165905195,Zm00001eb363480,2.543557184954071,364,412.5,16,157,23,8,4,2
chr8,166221363,Zm00001eb363730,2.819579796012812,62,132.5,12,21,6,10,3,1
chr8,166609169,Zm00001eb363880,1.9709685441101807,60,150.0,14,14,3,10,3,1
chr8,167523808,Zm00001eb364260,2.024191433349474,74,282.0,25,27,9,14,6,1
chr8,167835862,Zm00001eb364360,3.2527941695374234,96,163.0,9,22,11,3,3,1
chr8,168498954,Zm00001eb364700,3.596626692460872,83,138.0,8,15,6,9,5,1
chr8,169330104,Zm00001eb365060,2.194329974718386,60,138.5,4,25,7,24,6,1
chr8,170000212,Zm00001eb365530,3.918592705554616,109,151.0,15,67,14,37,9,1
chr8,170468152,Zm00001eb365690,2.0716104883894,238,631.5,24,93,27,23,11,1
chr8,170688841,Zm00001eb365760,4.111746613288651,168,383.0,25,69,14,31,6,1
chr8,170726288,Zm00001eb365780,2.983379014839409,221,471.0,25,90,22,6,4,1
chr8,170841016,Zm00001eb365820,2.1078338164841717,104,112.5,2,37,10,9,6,1
chr8,173983761,Zm00001eb367290,1.846391553585101,99,525.5,16,52,15,8,6,1
chr8,177936963,Zm00001eb369360,2.519296049239762,295,455.0,25,138,25,38,8,1
chr8,178310904,Zm00001eb369690,1.8560892252708696,82,178.0,24,37,11,14,6,1
chr8,179708135,Zm00001eb370370,2.658557680019747,303,444.0,25,179,25,67,11,3
chr8,179956982,Zm00001eb370480,2.015279933830635,231,281.0,4,91,21,9,5,1
chr8,179956982,Zm00001eb370490,5.369328196090953,231,281.0,4,91,21,9,5,1
chr8,181585871,Zm00001eb371150,1.9059675586076643,173,288.5,22,123,23,41,6,3
chr8,181685300,Zm00001eb371180,2.4216835827902803,207,397.0,25,88,22,9,6,1
chr9,2221701,Zm00001eb371520,1.8181388931208795,124,382.0,24,109,17,70,9,1
chr9,10900844,Zm00001eb373600,2.3386125552092167,193,284.5,24,62,19,9,6,1
chr9,13076932,Zm00001eb374170,2.8780626893577255,197,283.5,18,64,13,7,6,1
chr9,13463701,Zm00001eb374330,1.6181686821158872,318,428.5,8,118,22,21,9,4
chr9,14320547,Zm00001eb374580,1.8971760421948416,58,104.0,7,32,6,31,5,2
chr9,17538945,Zm00001eb375480,2.889897845155618,235,311.0,25,73,19,11,6,2
chr9,18132531,Zm00001eb375670,3.623948571308909,273,306.0,19,115,19,6,5,1
chr9,18311524,Zm00001eb375690,3.0463858326444253,94,143.0,25,50,14,27,9,1
chr9,25715058,Zm00001eb378280,2.2972309314081407,68,354.0,21,15,7,2,2,1
chr9,27458565,Zm00001eb378780,2.103731474270827,69,232.5,22,29,7,17,7,1
chr9,27730744,Zm00001eb378830,1.5108370808028817,378,467.0,24,158,24,13,9,2
chr9,28619502,Zm00001eb379070,3.622352488728783,103,106.5,2,17,9,8,4,1
chr9,28971025,Zm00001eb379200,2.094570252486709,77,122.0,18,26,6,12,3,5
chr9,32735822,Zm00001eb379770,4.225863212824155,110,355.0,25,59,13,28,7,1
chr9,43137149,Zm00001eb381110,3.0630036140548107,118,137.0,9,11,7,4,3,1
chr9,78690049,Zm00001eb384580,2.0187491728805615,185,223.0,11,87,22,6,3,1
chr9,86940666,Zm00001eb385310,5.4563074515983665,135,173.0,3,68,16,8,3,1
chr9,89409471,Zm00001eb385600,1.945641899503812,156,344.0,25,61,22,20,11,1
chr9,95715345,Zm00001eb386410,4.2711141341040735,124,206.0,5,31,12,10,5,1
chr9,97686378,Zm00001eb386670,3.54469480317845,449,677.0,19,163,28,26,8,4
chr9,98802774,Zm00001eb386920,4.391702011792004,87,99.0,3,31,11,12,8,1
chr9,102589516,Zm00001eb387530,3.517068454399342,111,193.0,25,47,16,10,6,2
chr9,105100312,Zm00001eb388040,2.546970347607554,156,351.5,12,33,15,4,3,1
chr9,114028069,Zm00001eb389750,1.570640510225311,221,971.0,25,121,23,20,6,1
chr9,118104984,Zm00001eb390480,2.5792444565528156,591,917.5,22,331,28,19,11,4
chr9,118437958,Zm00001eb390560,2.6247022196235013,111,355.0,25,37,13,21,10,1
chr9,118637912,Zm00001eb390620,3.000648476281756,129,129.0,1,65,17,29,8,2
chr9,118637912,Zm00001eb390630,2.6281076190415016,129,129.0,1,65,17,29,8,2
chr9,120197239,Zm00001eb391000,3.6825842980269456,84,116.0,11,24,11,20,11,1
chr9,122118336,Zm00001eb391500,2.465390847641111,335,441.0,25,120,24,7,5,2
chr9,124884985,Zm00001eb392270,3.042346253705929,63,145.5,4,15,8,14,8,1
chr9,125649370,Zm00001eb392420,2.5552530787738763,129,254.0,25,63,16,4,2,3
chr9,126371314,Zm00001eb392580,1.269886683524992,265,389.0,25,93,24,13,4,4
chr9,127396363,Zm00001eb392740,3.72080896068054,180,279.0,18,87,22,13,7,2
chr9,133948298,Zm00001eb394390,2.190089812577919,156,242.0,25,84,17,20,11,1
chr9,144887582,Zm00001eb397350,2.3099901398415645,165,259.0,23,79,19,8,6,1
chr9,145381215,Zm00001eb397550,2.246237253881352,90,211.0,25,67,14,16,10,1
chr9,146333600,Zm00001eb397900,2.6311028284089657,74,179.0,8,17,10,14,8,1
chr9,146645800,Zm00001eb397980,5.358473805625028,65,123.0,5,24,12,7,6,1
chr9,148869547,Zm00001eb398660,3.5421658958831186,167,228.0,25,75,19,26,10,1
chr9,149072059,Zm00001eb398750,2.1202665528226134,63,173.5,18,18,10,12,7,1
chr9,150243406,Zm00001eb399180,2.7513403451941287,136,403.5,22,78,21,20,9,1
chr9,153163926,Zm00001eb400160,2.6464567801316603,570,570.0,1,263,29,12,7,1
chr9,154426571,Zm00001eb400800,1.652323651479111,346,557.5,22,114,23,12,8,1
chr9,155058866,Zm00001eb401030,1.7195219639960633,73,170.0,25,15,8,9,4,1
chr9,156946459,Zm00001eb401810,2.298832895090343,115,202.0,22,70,16,26,9,1
chr9,157691476,Zm00001eb402200,3.1749636009854254,64,64.0,1,10,7,2,1,2
chr9,157730650,Zm00001eb402300,1.766755663268392,350,415.0,25,122,27,19,13,2
chr9,157765410,Zm00001eb402390,4.027247771856735,59,207.0,23,16,6,16,6,1
chr9,158841703,Zm00001eb403000,2.350186336232038,60,184.5,6,16,11,14,9,1
chr9,159816783,Zm00001eb403450,1.6746920973337742,62,253.0,21,35,10,34,10,1
chr9,160764965,Zm00001eb404040,2.5965898104389025,111,175.0,19,59,14,10,3,2
chr10,2312252,Zm00001eb405630,2.168942650916777,400,400.0,1,192,28,19,13,1
chr10,13503648,Zm00001eb408750,2.862384599000813,140,247.0,25,73,16,21,8,1
chr10,15073683,Zm00001eb408960,2.0220403125060007,240,336.0,25,84,19,38,11,2
chr10,24049601,Zm00001eb410260,2.5913860907730815,75,132.0,14,14,5,13,4,1
chr10,81773643,Zm00001eb416180,2.120923721542291,121,339.0,25,60,13,19,5,2
chr10,95376505,Zm00001eb418570,2.469356047250821,63,154.0,21,13,5,12,4,1
chr10,98769739,Zm00001eb419190,3.2089875544793545,175,210.0,13,111,19,20,5,2
chr10,118636974,Zm00001eb422400,3.864737213611521,363,724.0,25,217,26,27,7,2
chr10,119597830,Zm00001eb422560,2.777517257311887,352,422.0,6,230,26,5,4,1
chr10,122646191,Zm00001eb423410,2.204669172080929,93,200.0,21,17,9,10,5,1
chr10,122921125,Zm00001eb423440,12.93827720009006,201,298.0,25,93,16,36,6,1
chr10,135013948,Zm00001eb427180,1.6586527563394895,129,266.5,4,22,12,10,7,1
chr10,136303592,Zm00001eb427640,1.8419230329690903,186,309.0,17,49,15,10,5,1
chr10,138938403,Zm00001eb428570,2.8507596118688783,61,120.0,6,19,8,13,5,1
chr10,142901586,Zm00001eb430160,5.700150619890914,313,392.0,25,140,23,48,11,1
chr10,143204004,Zm00001eb430350,1.9941093863543613,80,121.0,2,46,13,28,8,1
chr10,144328092,Zm00001eb430780,2.6065774439903566,69,185.5,14,41,11,28,8,1
chr10,144347010,Zm00001eb430800,2.73154651053456,160,213.0,21,75,20,4,2,3
chr10,144426712,Zm00001eb430820,3.1401620304783036,136,161.0,25,50,17,10,5,1
chr10,146230984,Zm00001eb431580,2.505721658747991,661,782.0,25,382,28,8,4,8
chr10,146450316,Zm00001eb431690,2.1140167710302453,197,269.0,24,122,18,15,8,1
chr10,150135146,Zm00001eb433520,2.1607528247400194,540,554.0,3,314,27,8,4,3
