chr,pos,gene_id,abs_d,peak_width,total_motifs_in_peak,n_families_in_peak,motifs_at_variant,n_fam_at_variant,min_redundancy_in_peak
chr1,5744103,Zm00001eb002000,1.993102093160976,729,298,27,17,7,2
chr1,33102069,Zm00001eb010410,1.0788372516249425,582,282,27,23,9,1
chr1,33805903,Zm00001eb010590,2.890233195828243,940,332,30,12,7,2
chr1,33805903,Zm00001eb010600,3.4479645166968327,940,332,30,12,7,2
chr1,34133753,Zm00001eb010650,1.7228995125959938,313,160,27,9,5,2
chr1,35686099,Zm00001eb011070,1.044301392229479,1736,840,33,7,6,9
chr1,45314945,Zm00001eb013520,1.971193291247158,614,334,31,33,6,11
chr1,45913981,Zm00001eb013720,2.0162190655371113,680,297,31,15,7,3
chr1,46460037,Zm00001eb013870,3.131431563537838,830,358,30,18,8,2
chr1,52046833,Zm00001eb015210,4.106711314474418,444,127,24,11,7,1
chr1,55231201,Zm00001eb015900,1.9620971190194931,346,159,25,11,6,4
chr1,57416832,Zm00001eb016400,2.6790199520921387,309,115,26,16,8,1
chr1,77325694,Zm00001eb020660,2.326271549412075,639,249,29,8,4,5
chr1,154479231,Zm00001eb028820,3.4905867984114125,1115,446,32,18,10,3
chr1,170914905,Zm00001eb030870,2.075649400692202,1025,493,31,18,5,6
chr1,184804492,Zm00001eb033190,3.307093446829383,392,165,24,39,11,4
chr1,211667666,Zm00001eb040100,1.7076390765853546,615,220,29,14,7,2
chr1,227767796,Zm00001eb043170,2.452830718673834,201,79,19,13,9,1
chr1,228494853,Zm00001eb043450,1.784514558719577,340,201,26,13,8,3
chr1,233018019,Zm00001eb044650,2.886499000041,444,270,24,34,6,2
chr1,234151085,Zm00001eb044960,1.4648802799572245,752,274,27,17,8,2
chr1,235137771,Zm00001eb045280,4.228606261614184,217,71,20,12,6,2
chr1,235367280,Zm00001eb045370,2.976264698232123,489,258,24,17,9,3
chr1,239371910,Zm00001eb046280,1.8903427375092523,538,222,26,30,8,7
chr1,251130738,Zm00001eb048860,3.03060708710378,1273,476,32,22,7,7
chr1,254176253,Zm00001eb049730,2.7451497712416173,101,28,12,6,5,1
chr1,261611654,Zm00001eb051580,1.7412248383409954,366,90,22,15,10,1
chr1,262493215,Zm00001eb051780,2.6326472771472624,724,297,29,10,6,5
chr1,264527680,Zm00001eb052270,2.0778879095474374,900,355,28,31,6,8
chr1,266477700,Zm00001eb052940,1.9002833214490025,377,186,28,35,10,1
chr1,277129800,Zm00001eb055720,2.346077363192974,1396,504,30,7,6,6
chr1,281863688,Zm00001eb056930,1.8450745007643008,1482,659,32,30,13,5
chr1,287900267,Zm00001eb058750,2.289258328627231,334,148,23,14,6,4
chr1,303833607,Zm00001eb064000,2.7193341663871995,321,102,20,23,6,1
chr1,304254031,Zm00001eb064190,3.4095005292035405,266,99,21,15,6,2
chr1,304701394,Zm00001eb064350,2.4350892059607414,258,104,25,12,8,1
chr1,305701303,Zm00001eb064670,2.9504195754854488,381,216,23,16,7,3
chr1,306411699,Zm00001eb064930,4.1461282108010815,222,152,21,29,8,1
chr2,17283394,Zm00001eb073610,6.02706750847857,365,147,26,31,10,1
chr2,19112501,Zm00001eb074030,5.03145492976556,388,194,29,19,10,2
chr2,36159238,Zm00001eb078890,2.040393037676521,582,250,28,19,4,6
chr2,38576363,Zm00001eb079420,5.825883962535814,485,262,28,14,6,2
chr2,42789655,Zm00001eb080510,4.4901050570846515,976,580,32,22,7,5
chr2,44929408,Zm00001eb081030,1.9362284424257552,459,174,29,25,9,3
chr2,140544189,Zm00001eb091780,2.4401060658236484,417,177,26,22,13,1
chr2,154488990,Zm00001eb093670,2.0751231582939025,63,18,10,15,9,1
chr2,157667489,Zm00001eb094220,3.2553440919204037,253,89,22,12,7,1
chr2,193988864,Zm00001eb101450,2.771010529896668,528,216,27,17,9,2
chr2,195634230,Zm00001eb102050,2.633437955533686,963,570,30,40,12,2
chr2,205132586,Zm00001eb104710,1.991401602261453,368,143,21,8,7,1
chr2,211536463,Zm00001eb106770,2.4188644177408363,882,460,32,11,8,6
chr2,216734256,Zm00001eb108620,2.3199534970626376,895,448,32,5,2,10
chr2,219580380,Zm00001eb109880,2.6829275490183595,148,26,12,7,5,1
chr2,231497576,Zm00001eb113870,2.662415610472837,518,188,28,7,2,2
chr2,231633353,Zm00001eb113900,2.2053015643042735,450,173,25,7,5,2
chr2,235230798,Zm00001eb115000,3.363154782404735,2317,993,32,18,7,9
chr2,240665648,Zm00001eb117460,3.3114651472125205,438,212,26,13,5,13
chr3,13645592,Zm00001eb123270,2.1331547323847975,689,281,27,8,4,1
chr3,17092334,Zm00001eb124200,3.919858817262583,823,406,32,29,11,2
chr3,34672994,Zm00001eb127420,2.8313009384028605,832,262,31,15,9,5
chr3,136849723,Zm00001eb138110,1.263909830112649,262,112,18,33,9,1
chr3,170697399,Zm00001eb144320,3.130841108192741,1268,455,32,33,14,5
chr3,191054457,Zm00001eb149750,3.470762782045816,846,354,27,27,11,1
chr3,199143750,Zm00001eb152120,3.5931912782003255,569,220,27,9,5,1
chr3,202471379,Zm00001eb153020,2.0950216625681706,375,157,24,9,6,1
chr3,203762192,Zm00001eb153460,3.7848065277793816,695,271,31,7,5,2
chr3,204399824,Zm00001eb153580,1.862591488812747,440,185,28,13,7,5
chr3,204800583,Zm00001eb153760,1.9868312836539712,393,206,25,12,5,1
chr3,222949722,Zm00001eb159400,1.7755265048836455,683,304,27,7,4,16
chr3,223345700,Zm00001eb159550,2.041224938227776,1093,456,32,7,4,2
chr3,228195173,Zm00001eb161090,1.882268508015435,772,277,28,9,3,5
chr3,229581278,Zm00001eb161610,1.8960871063937228,920,427,31,13,8,9
chr3,236713284,Zm00001eb163880,1.6116800895543422,569,222,28,3,3,8
chr4,38328395,Zm00001eb173230,3.241273396577517,573,213,29,18,10,1
chr4,140997057,Zm00001eb184420,1.9690909751485175,1302,536,32,17,7,8
chr4,177063328,Zm00001eb191640,1.9085448636469893,1272,485,33,8,6,5
chr4,179998271,Zm00001eb192630,2.0988799051206235,229,80,23,12,8,1
chr4,230230774,Zm00001eb203840,2.021757317443369,771,337,30,13,5,2
chr4,246091770,Zm00001eb207970,1.0557784988231242,147,138,19,14,8,1
chr4,248093954,Zm00001eb209100,2.161064757111342,438,193,28,13,6,2
chr5,4631545,Zm00001eb213050,2.251004547954921,194,83,17,17,10,1
chr5,7313087,Zm00001eb214630,3.4581827083427767,593,298,25,10,6,2
chr5,11366019,Zm00001eb216260,1.9821950667001171,421,223,25,13,9,1
chr5,15259532,Zm00001eb217870,3.923326174257188,393,212,28,13,8,1
chr5,16163710,Zm00001eb218270,1.4031557575826,2394,897,33,11,7,9
chr5,19678594,Zm00001eb219260,2.4181354041796936,216,133,23,19,6,2
chr5,36348038,Zm00001eb223240,4.424017322842078,122,98,13,80,8,1
chr5,62145381,Zm00001eb227820,2.282344077627493,208,68,17,16,10,1
chr5,66029051,Zm00001eb228660,1.667096797464452,301,132,19,23,5,3
chr5,92095945,Zm00001eb233850,1.9864140091878009,294,135,23,46,13,3
chr5,142502511,Zm00001eb238000,2.1498615631079714,1277,616,32,5,4,8
chr5,166109809,Zm00001eb241520,2.556548502981683,822,427,28,11,9,3
chr5,167284817,Zm00001eb241810,2.3548519731405695,1078,554,32,63,9,5
chr5,168023778,Zm00001eb241920,1.2653464595362245,569,275,28,32,9,5
chr5,221117231,Zm00001eb257390,2.3146076263908677,1136,417,31,17,9,3
chr5,224510508,Zm00001eb259140,1.6340462164675218,682,284,29,26,7,7
chr6,50584394,Zm00001eb267380,4.525144469814204,1048,464,30,4,2,7
chr6,71518134,Zm00001eb269310,2.1641728756155523,787,480,30,12,9,3
chr6,82204827,Zm00001eb270660,2.357363701868566,403,176,21,6,6,1
chr6,117591379,Zm00001eb278070,1.5037420375863468,653,358,32,19,9,5
chr6,138884889,Zm00001eb282960,1.343075589730851,413,254,25,12,6,3
chr6,156454369,Zm00001eb287610,3.203902110132901,1001,381,30,2,2,17
chr6,158295494,Zm00001eb288130,2.150577722344607,620,238,26,27,7,5
chr6,162420882,Zm00001eb289530,2.2084959121108656,821,362,33,12,5,3
chr6,171169950,Zm00001eb293310,2.6627355488071776,301,197,20,44,10,2
chr6,174632784,Zm00001eb295120,1.8619740594255063,626,251,28,36,10,2
chr6,174715533,Zm00001eb295170,1.8153955865546871,635,342,27,33,7,8
chr7,10735160,Zm00001eb301490,1.9410855150564548,517,218,31,22,11,1
chr7,89397106,Zm00001eb309560,3.520578909038956,255,187,21,11,6,1
chr7,131670304,Zm00001eb315000,2.7010650497920357,1736,759,32,10,6,10
chr7,136093429,Zm00001eb316080,1.9045320392958296,495,218,27,4,3,2
chr7,138416698,Zm00001eb316700,3.1490789213321686,973,394,31,18,9,3
chr7,143100402,Zm00001eb317810,2.763468427589063,492,166,25,14,7,1
chr7,152271809,Zm00001eb320580,2.132742940570341,1075,689,28,22,7,5
chr7,154612148,Zm00001eb321330,2.1201122687053937,486,213,29,46,15,1
chr7,161258452,Zm00001eb322430,1.820101042836913,1012,495,32,31,11,1
chr7,162616610,Zm00001eb322850,2.258611268748007,392,123,22,3,3,1
chr7,162807470,Zm00001eb322940,1.6639237476891189,66,30,10,12,6,1
chr7,166654451,Zm00001eb324270,2.854351666684522,457,254,25,46,10,1
chr7,170356482,Zm00001eb325750,1.9537764372555293,138,85,15,27,5,1
chr7,175487307,Zm00001eb327790,1.5809303343430303,1043,455,31,15,9,3
chr7,180169307,Zm00001eb329780,2.548671317761873,1379,652,32,22,12,6
chr7,184734845,Zm00001eb331960,7.313591831593177,590,200,30,13,7,5
chr8,3885807,Zm00001eb333100,1.9944068305931155,944,422,30,13,11,2
chr8,13195128,Zm00001eb335350,2.1145856324838888,835,384,31,27,10,4
chr8,14008624,Zm00001eb335640,2.086773530985622,572,273,29,36,12,1
chr8,16571666,Zm00001eb336310,2.0356181013936263,884,346,33,11,7,4
chr8,29624422,Zm00001eb339310,1.8100285930152655,656,267,29,8,6,2
chr8,69576856,Zm00001eb343490,2.5924416296542545,682,296,30,18,6,5
chr8,74212102,Zm00001eb344340,2.3683562503991604,559,265,28,11,6,1
chr8,138992533,Zm00001eb356280,2.668331204954375,829,369,32,24,6,1
chr8,146144410,Zm00001eb357970,2.293064242532769,1385,469,33,21,8,3
chr8,154494525,Zm00001eb360250,2.1140533884354262,841,341,32,19,9,3
chr8,154506381,Zm00001eb360260,2.5420296378071634,985,392,30,14,7,13
chr8,154951178,Zm00001eb360390,1.8816870182450085,378,158,24,9,5,2
chr8,171206073,Zm00001eb365940,2.272348125964605,578,337,31,50,11,2
chr8,171368481,Zm00001eb366050,2.5632794191115544,544,246,25,23,6,5
chr8,179616196,Zm00001eb370290,1.07472545154466,682,254,28,21,8,2
chr8,180764165,Zm00001eb370850,2.325544764162936,584,244,29,17,8,1
chr8,181730167,Zm00001eb371200,2.5344946963916644,646,259,28,14,7,2
chr9,10774790,Zm00001eb373580,1.6602529183513337,673,300,28,7,6,7
chr9,13058820,Zm00001eb374160,2.633921684721882,646,248,27,34,11,1
chr9,22676829,Zm00001eb377470,3.041410938030894,444,241,27,45,12,1
chr9,27588012,Zm00001eb378810,3.006792439729751,814,367,32,19,2,11
chr9,34000550,Zm00001eb379950,2.0105873563987866,678,323,28,8,6,4
chr9,46397613,Zm00001eb381470,2.0357283788875327,324,276,27,67,4,2
chr9,74126238,Zm00001eb384110,2.728481723734669,585,265,30,19,8,4
chr9,88034220,Zm00001eb385450,2.048481055420191,653,406,29,11,8,1
chr9,94270267,Zm00001eb386220,2.353208614460676,649,205,26,2,2,4
chr9,99581548,Zm00001eb387030,1.5148667115096182,435,211,26,33,12,2
chr9,131018319,Zm00001eb393660,4.155709293425091,338,70,18,12,6,1
chr9,139156708,Zm00001eb395470,3.936818185586951,926,377,31,20,8,2
chr9,141202033,Zm00001eb396060,2.8374729660761338,788,386,28,8,5,3
chr9,142860542,Zm00001eb396520,2.252981731306229,916,441,31,26,8,4
chr9,144227434,Zm00001eb397090,4.221908761750404,400,175,23,12,6,1
chr9,148791435,Zm00001eb398630,3.167548745015788,470,254,31,13,9,1
chr9,161194925,Zm00001eb404310,3.950054024266257,628,170,25,31,12,1
chr10,2006861,Zm00001eb405450,5.308221308528998,522,202,29,9,8,3
chr10,3735892,Zm00001eb406080,2.7982092159957124,749,259,29,6,4,5
chr10,5111246,Zm00001eb406760,1.9719257867445232,400,169,26,49,8,3
chr10,6211300,Zm00001eb407090,1.703172273664204,777,300,26,16,5,6
chr10,7903301,Zm00001eb407550,2.233745774212639,721,297,33,13,10,6
chr10,8604729,Zm00001eb407680,2.3016985233742973,737,216,27,7,6,3
chr10,64753637,Zm00001eb413740,2.411421748480584,865,417,30,6,2,16
chr10,73843917,Zm00001eb414970,5.292211561347937,167,78,18,26,10,1
chr10,78959457,Zm00001eb415700,1.910872253891431,712,262,31,7,4,8
chr10,81353777,Zm00001eb416110,2.0762577909849704,486,222,28,50,11,1
chr10,85117108,Zm00001eb416770,2.007903871939698,563,268,30,21,9,5
chr10,92089742,Zm00001eb418090,2.353892134412911,1346,496,33,8,4,3
chr10,97534549,Zm00001eb418940,2.012100027216712,1156,428,33,10,5,9
chr10,98908136,Zm00001eb419200,2.0258059361051934,265,122,23,25,7,1
chr10,128801642,Zm00001eb425180,3.1339485522332793,496,195,28,14,9,1
chr10,129870575,Zm00001eb425580,1.359398667383342,1192,626,31,18,6,10
chr10,130088323,Zm00001eb425660,2.1890268340701353,430,261,28,9,4,1
chr10,131065925,Zm00001eb425960,2.588903946380261,468,290,28,14,9,1
chr10,131196529,Zm00001eb425980,1.682304387969365,485,165,26,17,7,5
chr10,135806526,Zm00001eb427480,1.7246015035091242,394,176,25,19,8,2
chr10,142142497,Zm00001eb429910,2.7576048593546143,663,224,28,14,6,3
chr10,145438301,Zm00001eb431330,3.4188105289396575,450,239,26,18,11,1
chr1,3262750,Zm00001eb000920,1.008744758576002,1095,540,33,19,7,3
chr1,3789618,Zm00001eb001150,2.0803573236363664,1376,679,30,10,4,28
chr1,4078949,Zm00001eb001340,3.0172447030203235,338,144,22,17,8,3
chr1,5896996,Zm00001eb002060,3.089173372090931,239,70,15,12,7,2
chr1,6246228,Zm00001eb002200,1.831745903607489,1723,772,32,11,8,2
chr1,12270743,Zm00001eb004440,2.237456691760147,1506,628,32,14,6,26
chr1,16845468,Zm00001eb005920,3.900235613086104,450,118,24,14,7,1
chr1,17983879,Zm00001eb006410,2.2701140403215683,629,232,29,41,10,1
chr1,19882546,Zm00001eb006880,1.6360159962413543,577,257,28,14,7,4
chr1,30883530,Zm00001eb009870,2.263909599998336,488,164,26,20,8,5
chr1,32844672,Zm00001eb010370,2.252685603445886,1150,586,33,9,8,2
chr1,34330835,Zm00001eb010730,1.524366505225603,1463,813,32,15,9,7
chr1,34878903,Zm00001eb010900,3.0203014131688506,848,376,30,6,4,5
chr1,36186619,Zm00001eb011240,1.5296868605696086,899,383,31,12,9,1
chr1,37980846,Zm00001eb011630,2.3673147899655183,1638,817,33,18,8,6
chr1,41377778,Zm00001eb012570,3.1836539394163976,686,312,27,19,10,5
chr1,42980657,Zm00001eb012950,2.072267985348476,223,60,22,8,6,1
chr1,44344832,Zm00001eb013300,1.6498308938673911,535,246,31,16,11,2
chr1,48970900,Zm00001eb014600,1.7351969075308251,361,162,23,21,7,3
chr1,57058153,Zm00001eb016330,2.6286276750149615,909,365,28,41,8,5
chr1,59904185,Zm00001eb016800,1.3864165469043874,1463,598,32,22,10,1
chr1,60926702,Zm00001eb017050,1.1137561866149133,655,398,28,27,9,5
chr1,68998584,Zm00001eb019230,4.5395507311740175,649,350,30,36,11,2
chr1,69764971,Zm00001eb019370,2.5685487774525666,1140,439,31,13,3,38
chr1,72171126,Zm00001eb019800,2.0850946858589463,1558,684,34,7,6,2
chr1,74030656,Zm00001eb020110,2.288149136505908,587,226,29,27,11,3
chr1,77561196,Zm00001eb020690,4.470013059440195,1010,498,31,21,9,2
chr1,83001127,Zm00001eb021800,2.653164141231232,320,117,25,10,6,1
chr1,84277355,Zm00001eb022040,2.999940321939209,1160,501,33,23,10,1
chr1,86777664,Zm00001eb022580,3.6209706774235326,1252,641,31,20,8,4
chr1,87656463,Zm00001eb022750,1.3956871185277226,1063,330,29,23,6,16
chr1,90313646,Zm00001eb023130,2.1932050567132197,419,220,27,33,8,3
chr1,91377437,Zm00001eb023220,2.27054529992127,429,166,24,9,6,1
chr1,92292812,Zm00001eb023350,2.1033119242741045,993,570,30,38,10,3
chr1,97701896,Zm00001eb024120,2.302558477026654,357,156,22,6,5,2
chr1,108502297,Zm00001eb025400,2.50297585963056,1230,692,33,29,7,4
chr1,122210678,Zm00001eb026550,4.060818333122903,1092,613,32,19,9,4
chr1,126913502,Zm00001eb026930,2.116487974353716,729,267,28,7,5,3
chr1,170618556,Zm00001eb030710,3.170737524891494,979,377,29,16,6,1
chr1,177309045,Zm00001eb031670,2.7747387468313107,886,356,33,17,4,3
chr1,180161163,Zm00001eb032230,1.7113240355174346,460,255,28,44,17,1
chr1,183958880,Zm00001eb032890,2.1225593337323754,429,283,26,59,8,4
chr1,184439096,Zm00001eb033050,3.3385292973275944,556,264,29,18,10,2
chr1,184907626,Zm00001eb033220,2.4420295470223596,1535,726,32,13,7,9
chr1,192290364,Zm00001eb034990,3.154118781316213,1235,716,33,31,10,4
chr1,198167984,Zm00001eb036550,3.589115459714462,1098,549,31,17,8,7
chr1,199461418,Zm00001eb036910,2.11257112829817,592,331,25,16,5,1
chr1,200570121,Zm00001eb037210,2.443463835576049,321,194,21,16,5,2
chr1,206116074,Zm00001eb038600,2.2044341204611366,781,279,29,19,6,4
chr1,206226148,Zm00001eb038640,1.6017144404374195,280,157,18,2,2,13
chr1,209881617,Zm00001eb039610,5.018659294750796,699,299,25,13,5,5
chr1,210024968,Zm00001eb039620,2.8626669109014293,577,225,29,20,8,3
chr1,219667307,Zm00001eb041750,3.2547150798762554,407,223,27,12,8,2
chr1,220331322,Zm00001eb041880,4.27083902359084,478,220,25,42,4,1
chr1,228006396,Zm00001eb043310,9.946821826323156,188,68,18,17,7,1
chr1,234060687,Zm00001eb044910,2.1490725006497247,894,393,32,3,2,9
chr1,234172152,Zm00001eb044970,2.283194705250409,1627,957,32,23,9,6
chr1,241110893,Zm00001eb046750,2.221385354874377,737,380,28,10,5,6
chr1,241539557,Zm00001eb046960,1.4931449668293355,1325,589,32,16,7,13
chr1,245361730,Zm00001eb047770,7.1755794559533985,596,268,26,16,8,2
chr1,248596857,Zm00001eb048390,5.293251429718321,360,129,27,16,9,2
chr1,250455723,Zm00001eb048710,3.3080792392493015,338,122,27,11,6,2
chr1,254679914,Zm00001eb049880,2.0255071593635225,2032,656,32,4,4,13
chr1,254745792,Zm00001eb049920,1.4840239648110298,196,86,22,19,13,1
chr1,256721763,Zm00001eb050350,2.967144294346598,531,220,28,9,7,3
chr1,263870101,Zm00001eb052110,2.124106917694363,433,192,28,7,5,1
chr1,274494877,Zm00001eb055010,2.350013218095232,313,125,22,11,7,1
chr1,275076946,Zm00001eb055170,3.0545487766710915,750,332,30,13,4,4
chr1,276650852,Zm00001eb055620,3.0840355488625844,169,85,19,25,9,2
chr1,278826136,Zm00001eb056030,2.1339360185778684,2351,900,34,17,10,5
chr1,282764868,Zm00001eb057160,1.9297323311764496,193,70,14,19,10,2
chr1,292328009,Zm00001eb059970,3.75243387349988,170,98,18,13,7,1
chr1,293484526,Zm00001eb060330,1.7107850348014724,752,209,28,16,7,1
chr1,293674250,Zm00001eb060410,2.382455404355214,1037,443,32,22,7,8
chr1,294630742,Zm00001eb060730,3.766490117317838,935,320,29,13,6,3
chr1,296607704,Zm00001eb061370,2.515980070847814,352,164,19,3,2,12
chr1,297171952,Zm00001eb061520,1.69168016277512,448,214,30,31,9,2
chr1,297567154,Zm00001eb061760,2.2616050530421106,922,355,32,7,6,3
chr1,297821539,Zm00001eb061820,1.8927238208995572,1242,668,34,5,4,23
chr1,297954395,Zm00001eb061860,1.9645315002438188,452,226,28,21,10,3
chr1,298119374,Zm00001eb061940,2.011460116416276,361,155,26,46,11,1
chr1,299161158,Zm00001eb062220,1.556245220513922,714,291,29,12,6,1
chr1,302187930,Zm00001eb063300,1.6836412220269683,844,367,31,20,9,4
chr1,306610697,Zm00001eb065000,3.849499542569564,666,286,30,37,15,1
chr2,6413681,Zm00001eb068910,2.9487015875250875,606,244,27,12,5,5
chr2,11570568,Zm00001eb071290,2.1910098163731746,392,176,24,4,3,1
chr2,11669559,Zm00001eb071360,2.2096785542951864,637,282,29,4,4,4
chr2,15238401,Zm00001eb072790,2.599665427912612,323,183,25,9,4,4
chr2,18375896,Zm00001eb073810,2.74040437964149,674,251,30,42,6,4
chr2,50978303,Zm00001eb082480,2.112619935604266,984,446,30,25,9,3
chr2,66222254,Zm00001eb084920,2.3696942297445207,684,346,31,25,8,1
chr2,84666680,Zm00001eb086540,5.451041171360822,175,87,21,19,9,2
chr2,91262529,Zm00001eb087050,1.7993221358770537,698,192,31,11,8,1
chr2,115957364,Zm00001eb089390,1.929141988092667,983,487,32,26,10,6
chr2,127623788,Zm00001eb090620,2.2895812390196606,974,336,31,4,3,16
chr2,129787929,Zm00001eb090730,2.2002636420852406,815,372,27,9,8,8
chr2,134943378,Zm00001eb091250,3.9303940206049,864,428,29,12,5,3
chr2,137218069,Zm00001eb091420,1.5741093788501044,518,265,31,25,4,16
chr2,149291040,Zm00001eb092900,3.683282732956356,538,170,29,10,7,3
chr2,150353833,Zm00001eb093120,4.107570323715804,966,625,30,29,8,9
chr2,157709917,Zm00001eb094240,2.7660951915360297,948,454,32,27,9,6
chr2,159164367,Zm00001eb094480,2.6400627341813325,1063,447,30,18,6,7
chr2,159636350,Zm00001eb094520,1.8043074544860256,920,435,30,31,13,1
chr2,160906572,Zm00001eb094610,1.9148125674673215,605,311,31,16,5,5
chr2,165512139,Zm00001eb095350,1.7922653212566346,919,325,30,11,8,3
chr2,179202379,Zm00001eb097990,3.416799706097878,1070,360,31,7,3,12
chr2,184394540,Zm00001eb099240,2.3588175467836083,1016,612,30,19,10,4
chr2,187908036,Zm00001eb099850,1.5555304707154634,1112,488,31,25,11,4
chr2,188343833,Zm00001eb099930,2.043435168426184,1014,347,30,14,8,2
chr2,189051241,Zm00001eb100140,1.9935988145958217,1301,444,27,20,8,4
chr2,195309375,Zm00001eb101980,2.0274421820994974,682,359,26,22,9,7
chr2,197316674,Zm00001eb102250,2.374165845346326,2953,1172,34,8,5,5
chr2,199471918,Zm00001eb102770,3.72460756663395,275,126,20,37,8,1
chr2,201176114,Zm00001eb103260,2.321060806569264,338,278,25,13,8,1
chr2,203976292,Zm00001eb104260,3.1423662585172822,1147,409,30,23,9,2
chr2,204129280,Zm00001eb104300,2.0729768128253014,233,122,21,51,9,2
chr2,205427329,Zm00001eb104810,3.306003782257017,393,114,24,15,5,4
chr2,208547792,Zm00001eb105590,3.1140159289396037,649,382,32,33,8,2
chr2,208963532,Zm00001eb105750,3.984082892776928,198,75,19,13,6,1
chr2,210156220,Zm00001eb106100,2.2421915352182813,759,283,28,19,6,4
chr2,210259382,Zm00001eb106160,1.6798491547575147,1172,504,30,13,8,2
chr2,210450109,Zm00001eb106240,0.774454218968955,62,17,7,17,7,1
chr2,210507799,Zm00001eb106250,1.8393724624089127,238,74,20,10,5,2
chr2,213303119,Zm00001eb107400,1.7135357031632072,232,111,19,31,9,2
chr2,216082865,Zm00001eb108390,3.0303187230202746,1284,518,32,7,5,6
chr2,218577186,Zm00001eb109520,3.0542274549644044,488,223,24,25,6,2
chr2,219207006,Zm00001eb109710,2.3621668479860167,793,464,31,29,5,3
chr2,219308618,Zm00001eb109770,4.723984419407953,1186,391,30,13,8,4
chr2,219948998,Zm00001eb110020,2.196394333079513,533,304,31,23,8,2
chr2,221893832,Zm00001eb110760,1.8964085092470744,980,411,31,28,13,3
chr2,227252089,Zm00001eb112590,1.7042008650994074,941,412,30,23,11,4
chr2,229264642,Zm00001eb113090,3.226892876942958,607,318,29,17,9,2
chr2,231733039,Zm00001eb113950,2.4276087436468217,346,109,23,14,7,1
chr2,231974874,Zm00001eb114030,2.9034353041982452,924,510,32,37,14,2
chr2,240761302,Zm00001eb117470,1.933356301671669,1471,547,31,13,6,3
chr2,241868493,Zm00001eb117970,2.2725010919480866,547,270,31,16,8,1
chr3,1394090,Zm00001eb118790,2.2539416957231064,566,268,27,31,11,4
chr3,2105164,Zm00001eb119270,2.135287702759879,765,332,25,28,9,5
chr3,4403930,Zm00001eb120360,3.413018641119319,321,185,20,6,6,2
chr3,5797323,Zm00001eb121000,1.5710459829429757,484,301,26,11,6,6
chr3,8139290,Zm00001eb121590,1.744482690570362,536,225,26,25,8,2
chr3,8816775,Zm00001eb121890,2.2326596187640484,343,157,24,28,7,3
chr3,8920662,Zm00001eb122000,2.492254597951363,500,229,28,13,7,2
chr3,9277928,Zm00001eb122170,1.6246188408538758,1560,734,35,12,8,2
chr3,9385012,Zm00001eb122200,1.8618692704715207,1175,588,32,17,7,5
chr3,10164283,Zm00001eb122460,1.6020125619309538,511,253,29,24,8,3
chr3,12504511,Zm00001eb122970,2.7552397663550363,1726,808,33,13,6,9
chr3,13885162,Zm00001eb123370,5.053987026020242,895,314,31,12,8,2
chr3,16582531,Zm00001eb124070,3.3949988028314917,798,335,31,5,4,9
chr3,19793856,Zm00001eb124780,6.626307350143475,537,339,28,13,7,5
chr3,23440020,Zm00001eb125470,2.5685126941439624,792,387,30,26,9,1
chr3,24544548,Zm00001eb125670,2.153081217691684,508,263,27,11,8,2
chr3,28739489,Zm00001eb126330,2.5423300346672986,786,269,30,6,4,1
chr3,30093262,Zm00001eb126650,2.613780193933824,605,256,29,19,8,1
chr3,37290665,Zm00001eb127860,1.6422511574694476,1177,508,33,18,6,3
chr3,48267116,Zm00001eb129370,1.9990235414204056,856,437,30,19,3,36
chr3,49482162,Zm00001eb129580,3.570384747350408,381,119,21,14,4,2
chr3,68382243,Zm00001eb131690,2.46461909420489,494,182,28,19,11,1
chr3,70286034,Zm00001eb131860,2.648928550238483,1193,496,30,22,12,3
chr3,107858865,Zm00001eb134200,4.492995826850416,1371,531,32,20,6,10
chr3,120935326,Zm00001eb135710,4.5840249634856125,388,165,29,20,10,2
chr3,127174606,Zm00001eb136350,2.18591599474495,879,391,30,13,8,4
chr3,133837428,Zm00001eb137500,2.4802241689362075,956,478,30,16,8,1
chr3,137811367,Zm00001eb138290,2.2529353490446553,776,391,29,16,8,1
chr3,137930351,Zm00001eb138300,2.1895306784654274,2081,774,33,5,1,28
chr3,144023725,Zm00001eb139410,2.698116925762295,961,681,33,14,6,5
chr3,144772101,Zm00001eb139520,2.142356257271965,755,311,30,25,7,8
chr3,145520648,Zm00001eb139660,3.9622906001192386,881,458,31,51,5,12
chr3,147103568,Zm00001eb139920,3.0395723230038407,1083,639,31,21,9,3
chr3,148503239,Zm00001eb140330,2.4660033014890264,243,87,23,6,5,1
chr3,148810719,Zm00001eb140420,3.089985574795782,255,87,21,13,6,2
chr3,150304881,Zm00001eb140720,3.1652220350904807,892,374,30,34,6,1
chr3,160577721,Zm00001eb142940,1.996247966587519,2076,877,33,10,3,26
chr3,161861731,Zm00001eb143140,4.868431744459166,548,271,28,8,6,2
chr3,163555665,Zm00001eb143370,5.44944864441484,408,105,20,12,8,2
chr3,163930045,Zm00001eb143460,2.8587039833583954,1506,732,31,25,7,6
chr3,170915078,Zm00001eb144360,3.0999196988574975,710,384,27,16,8,3
chr3,171120618,Zm00001eb144450,2.5403550348152293,59,55,9,52,9,1
chr3,172182737,Zm00001eb144650,2.719783098047161,733,448,33,49,11,2
chr3,172976940,Zm00001eb144840,1.6177074130778542,415,129,22,20,7,2
chr3,173688086,Zm00001eb145100,1.5930707008182463,855,380,31,29,11,4
chr3,183850314,Zm00001eb147750,1.3081921082906085,1086,542,32,8,7,4
chr3,185093979,Zm00001eb148130,2.0891111623814975,530,163,23,11,10,1
chr3,186809419,Zm00001eb148640,2.2057095350318794,783,398,30,15,5,6
chr3,187164382,Zm00001eb148780,1.530576759378904,449,318,22,51,6,11
chr3,190837124,Zm00001eb149700,2.016873673081728,257,128,24,12,5,1
chr3,191468075,Zm00001eb149900,1.7551391449030909,1392,591,33,21,9,4
chr3,192787595,Zm00001eb150550,0.99628196713376,396,165,22,24,10,1
chr3,194401490,Zm00001eb150960,6.626846311236884,416,180,29,61,7,1
chr3,199104117,Zm00001eb152080,2.7188418479420946,584,210,30,15,7,2
chr3,203944342,Zm00001eb153500,4.407908919107358,972,448,30,19,9,4
chr3,205007922,Zm00001eb153830,1.9320962088902591,439,128,27,9,3,5
chr3,209926939,Zm00001eb155350,1.861742683775256,1409,605,31,21,10,6
chr3,213069872,Zm00001eb156460,2.599210689514044,511,216,29,18,6,4
chr3,213192022,Zm00001eb156500,14.427226648287652,622,251,27,15,4,4
chr3,214206618,Zm00001eb156710,4.168348144184937,888,358,30,30,10,4
chr3,217637108,Zm00001eb157820,2.7854375855586,331,95,29,26,9,2
chr3,219845503,Zm00001eb158370,0.7908584744590792,136,74,14,8,3,1
chr3,220152206,Zm00001eb158500,2.063671916088679,703,256,32,14,5,5
chr3,221941447,Zm00001eb159080,1.996860070827555,698,381,31,20,11,1
chr3,231271693,Zm00001eb162130,1.9819117322033593,325,188,24,27,9,1
chr3,233212650,Zm00001eb162710,2.2204319656711395,547,236,28,19,15,4
chr3,234870111,Zm00001eb163100,2.4322249176079063,535,202,28,9,6,5
chr3,235166050,Zm00001eb163210,4.823322684804878,881,357,34,8,6,2
chr3,235713991,Zm00001eb163480,2.23081181371385,484,301,25,10,3,12
chr3,236259214,Zm00001eb163710,2.4384996737793427,418,147,26,11,8,1
chr3,236418050,Zm00001eb163800,2.9349588111317213,735,315,28,27,8,6
chr4,2047841,Zm00001eb164790,2.315942755895786,963,398,30,17,8,1
chr4,18974773,Zm00001eb169350,3.932742361674885,765,282,29,50,14,1
chr4,22255547,Zm00001eb169970,5.027131847221161,569,246,25,6,5,3
chr4,22444656,Zm00001eb169990,6.817995601954361,765,359,31,22,6,2
chr4,28342592,Zm00001eb171030,1.972462297927824,257,104,22,22,9,1
chr4,32604294,Zm00001eb172070,2.462041241439892,453,172,29,8,7,1
chr4,34451809,Zm00001eb172450,1.918596607040125,574,160,25,9,5,1
chr4,35993232,Zm00001eb172780,3.0310799984111823,560,246,26,17,8,3
chr4,37192386,Zm00001eb172970,1.6631135426244656,508,258,30,11,7,3
chr4,39120195,Zm00001eb173500,1.6807045361079327,1156,452,30,9,6,5
chr4,44170160,Zm00001eb174710,1.9109180498632172,1438,634,33,12,10,6
chr4,47116254,Zm00001eb175230,2.288702790845905,366,124,25,12,5,1
chr4,59440786,Zm00001eb176590,1.3981270049641512,745,339,30,13,9,5
chr4,70420623,Zm00001eb177830,2.4362561512401566,244,96,21,40,12,1
chr4,74114150,Zm00001eb178280,2.5964933611315097,289,162,21,56,9,1
chr4,83096032,Zm00001eb179290,2.5907585948602705,864,333,30,5,3,22
chr4,86785717,Zm00001eb179750,3.631219078067788,1137,531,32,9,5,7
chr4,123536641,Zm00001eb182260,3.4683844000086848,869,294,27,24,7,5
chr4,147044205,Zm00001eb185040,1.9027022709126704,559,237,28,6,3,4
chr4,154507836,Zm00001eb186120,3.2353168813696147,676,313,30,24,8,3
chr4,158778172,Zm00001eb186820,3.173569977080558,564,248,31,10,7,1
chr4,162371023,Zm00001eb187670,2.378608311491472,1207,669,35,9,5,12
chr4,162955738,Zm00001eb187800,2.2977816876713417,2387,865,33,13,8,17
chr4,166534010,Zm00001eb188700,5.421301104322435,615,226,27,30,11,3
chr4,176530292,Zm00001eb191380,1.4725591162438447,638,244,28,30,10,2
chr4,178453918,Zm00001eb192150,1.899920669382254,347,152,25,42,10,3
chr4,183560529,Zm00001eb193640,3.1278602552196215,1212,687,32,5,3,11
chr4,188805546,Zm00001eb195000,1.6814761433417835,319,118,26,15,9,1
chr4,192353067,Zm00001eb196380,1.8320463985670763,881,443,31,22,10,4
chr4,193101732,Zm00001eb196600,2.8674926792782833,556,267,32,25,12,1
chr4,198955435,Zm00001eb198110,2.308612467412072,656,351,29,4,4,1
chr4,198983254,Zm00001eb198120,1.490005611164971,521,177,31,7,6,4
chr4,205877979,Zm00001eb199940,4.098814330310352,720,273,31,20,10,1
chr4,207015716,Zm00001eb200140,2.354079152205055,455,213,28,8,5,2
chr4,207892864,Zm00001eb200440,3.5257089141939946,402,176,21,6,5,1
chr4,208625246,Zm00001eb200590,3.1115924936727684,359,126,23,3,3,1
chr4,212104110,Zm00001eb201090,6.454553502625511,1004,514,30,23,12,1
chr4,212273966,Zm00001eb201100,5.598555575237356,408,131,25,18,9,1
chr4,218320182,Zm00001eb202020,3.776223951223463,779,320,31,7,5,6
chr4,218406423,Zm00001eb202030,2.616696406649417,764,192,29,15,6,3
chr4,226807901,Zm00001eb203240,3.341135025387979,132,43,15,14,4,1
chr4,231395241,Zm00001eb204030,3.776154804882046,230,71,22,6,3,3
chr4,243744385,Zm00001eb206750,2.952833078683929,919,523,31,20,5,1
chr4,243828411,Zm00001eb206800,1.5748227706490667,1042,608,32,17,7,7
chr4,245967276,Zm00001eb207920,2.435194616190339,816,358,27,47,5,9
chr4,246974498,Zm00001eb208430,1.9865494578769367,545,195,29,20,11,1
chr4,247481976,Zm00001eb208710,1.9439999256388856,460,197,25,14,8,2
chr4,248497085,Zm00001eb209380,1.8078821906883915,192,54,19,5,4,1
chr5,2582951,Zm00001eb211620,2.0878067972527448,278,136,24,24,8,1
chr5,2679905,Zm00001eb211740,2.0055852743209135,1061,460,31,21,8,2
chr5,2722689,Zm00001eb211780,1.4740766603580426,496,187,27,15,8,2
chr5,3799865,Zm00001eb212520,1.0581936876932885,1002,389,32,12,6,2
chr5,3929566,Zm00001eb212610,2.5476844419306603,668,252,31,19,12,2
chr5,4304943,Zm00001eb212810,4.4476800731906225,369,165,28,13,8,1
chr5,4539678,Zm00001eb212940,4.0980270622678345,1459,614,33,14,5,28
chr5,6342999,Zm00001eb214080,2.2064550188307166,1632,703,32,9,6,6
chr5,9017699,Zm00001eb215480,2.0849681970533394,151,30,15,9,6,1
chr5,9899872,Zm00001eb215680,3.256816592667565,1383,642,32,27,12,4
chr5,10003009,Zm00001eb215710,2.539472552732426,1367,625,31,44,7,9
chr5,10159988,Zm00001eb215780,1.63281724559116,892,319,31,29,10,4
chr5,10575019,Zm00001eb216000,2.796844178065814,693,386,29,38,6,5
chr5,13128960,Zm00001eb217010,3.167194025229343,826,306,29,16,10,5
chr5,14254464,Zm00001eb217390,3.960275009599692,240,87,20,18,5,1
chr5,14614921,Zm00001eb217560,1.8976472087481904,540,278,28,13,4,5
chr5,19107568,Zm00001eb219040,2.410048121163423,385,104,21,12,6,2
chr5,19510487,Zm00001eb219210,2.188119226814984,632,300,31,25,9,3
chr5,21032251,Zm00001eb219710,1.848124679262618,522,177,26,9,3,8
chr5,32352203,Zm00001eb222310,2.874238956905657,684,264,28,9,7,3
chr5,51768174,Zm00001eb225790,4.0288094026258445,645,265,30,8,6,9
chr5,58804250,Zm00001eb227020,1.887218699133968,794,259,30,12,6,6
chr5,59946133,Zm00001eb227200,2.305646447426234,1349,666,31,15,7,4
chr5,60016925,Zm00001eb227240,2.614639658175785,311,77,18,10,7,2
chr5,60347328,Zm00001eb227310,3.539510209205446,172,51,19,6,4,2
chr5,60404792,Zm00001eb227330,1.6322288517979,296,101,23,22,8,1
chr5,60874715,Zm00001eb227400,2.8731706347228676,1252,498,31,15,7,3
chr5,61446348,Zm00001eb227670,5.5371808019707265,323,124,24,33,9,1
chr5,63257241,Zm00001eb228090,2.5466650592937663,1046,511,33,10,5,8
chr5,63491996,Zm00001eb228160,2.0854684599772058,1076,581,31,57,7,17
chr5,84480191,Zm00001eb232710,1.8662184300906264,929,481,33,13,10,1
chr5,91349547,Zm00001eb233730,3.4568081099510115,349,119,19,33,8,1
chr5,100436856,Zm00001eb234620,3.4991405375220848,431,147,24,19,9,2
chr5,138337529,Zm00001eb237500,3.7666607845588014,1347,550,31,13,8,7
chr5,147071399,Zm00001eb238620,2.101410767301607,454,206,28,12,7,2
chr5,147580358,Zm00001eb238670,2.4797842854311596,285,124,21,21,6,2
chr5,159177486,Zm00001eb240160,3.150560673239874,1121,571,32,22,11,2
chr5,162417985,Zm00001eb240750,2.0331125781654853,521,186,28,19,7,1
chr5,165941716,Zm00001eb241400,2.227398896228534,1252,457,34,29,4,18
chr5,167200610,Zm00001eb241780,2.649178803799349,715,403,28,45,10,1
chr5,177500754,Zm00001eb243970,2.201691679038871,724,300,28,19,4,1
chr5,179748634,Zm00001eb244930,4.753694942534736,816,358,30,9,6,3
chr5,181666853,Zm00001eb245410,3.7983113281608527,953,367,31,8,5,5
chr5,183345807,Zm00001eb245840,3.1519521318875774,304,138,24,32,10,2
chr5,185128518,Zm00001eb246360,1.7253885350789702,128,48,18,19,7,1
chr5,185610092,Zm00001eb246440,2.855413475989271,984,484,34,23,7,3
chr5,185969286,Zm00001eb246590,3.533033625402345,652,311,25,8,4,6
chr5,187363173,Zm00001eb246850,2.116124084261831,407,181,23,16,2,13
chr5,190042182,Zm00001eb247540,2.689918027031855,1055,378,30,10,7,5
chr5,192527539,Zm00001eb248290,3.045578705346374,458,196,26,42,11,2
chr5,192696772,Zm00001eb248350,1.8501334723944156,482,208,29,9,5,2
chr5,192898521,Zm00001eb248530,2.0869914285378406,1367,602,34,11,7,3
chr5,193107259,Zm00001eb248620,3.566530348832343,392,232,23,18,5,2
chr5,199009303,Zm00001eb250370,1.8339465166225088,538,259,26,24,8,3
chr5,204023118,Zm00001eb250610,1.5294181024110318,493,249,28,30,12,1
chr5,205962090,Zm00001eb251070,1.8363397923573328,1039,499,32,17,8,2
chr5,208499872,Zm00001eb251900,2.0480367921719203,669,299,27,30,7,3
chr5,209205811,Zm00001eb252160,2.355996357405278,644,261,28,16,8,1
chr5,209563666,Zm00001eb252250,3.1936707580998416,675,332,29,31,6,2
chr5,209976915,Zm00001eb252380,1.331292388796791,409,141,24,23,5,2
chr5,210135106,Zm00001eb252460,2.800267841073044,1116,436,31,28,7,7
chr5,210672360,Zm00001eb252640,2.184338854040075,154,42,12,23,7,1
chr5,212216401,Zm00001eb253150,1.66884832394174,886,538,30,9,9,2
chr5,213145580,Zm00001eb253690,2.9414167343446964,814,329,30,17,6,4
chr5,216053809,Zm00001eb254940,3.0368323958172567,1005,423,31,19,7,2
chr5,218429727,Zm00001eb255980,2.8306111394814533,1315,671,34,32,11,2
chr5,219599710,Zm00001eb256460,2.535602526846472,474,145,28,21,7,1
chr5,222003901,Zm00001eb257810,3.7401838527052793,176,74,16,24,5,5
chr5,222551203,Zm00001eb258090,1.8890916082673856,477,200,28,21,15,1
chr5,222744777,Zm00001eb258170,4.794391153447574,540,204,27,9,4,3
chr5,224090715,Zm00001eb258890,1.9603346592901425,868,564,31,16,9,2
chr5,224227778,Zm00001eb258970,1.890023995138449,247,135,17,4,3,1
chr5,224374169,Zm00001eb259070,1.9507576650897027,361,139,24,17,8,2
chr6,7501354,Zm00001eb260350,2.401949872078158,1233,529,33,15,10,1
chr6,8188344,Zm00001eb260480,3.5478175791548217,292,96,19,10,6,2
chr6,10181290,Zm00001eb260970,1.9402762306550076,1743,768,31,24,10,7
chr6,29131841,Zm00001eb264550,2.565167807096685,489,220,28,21,9,1
chr6,36004831,Zm00001eb265520,1.7809825153208412,1565,546,33,32,7,8
chr6,44084585,Zm00001eb266600,1.3833691488817503,669,319,29,44,15,1
chr6,44126781,Zm00001eb266620,2.9601877835961656,301,118,23,21,9,1
chr6,64425664,Zm00001eb268420,2.5182726232604637,805,383,29,20,8,3
chr6,71846402,Zm00001eb269400,5.37515032156037,675,275,30,33,8,4
chr6,92924064,Zm00001eb272170,3.261713651505997,362,160,25,30,11,1
chr6,94722184,Zm00001eb272520,2.0781202486092107,399,168,28,26,9,1
chr6,98445058,Zm00001eb273360,3.373963504912398,443,205,21,26,8,2
chr6,102898532,Zm00001eb274240,2.18760956779572,1710,559,33,18,10,6
chr6,110082271,Zm00001eb276160,2.0697966596880257,508,224,26,15,6,1
chr6,110151986,Zm00001eb276190,2.448600298541365,598,319,31,10,6,1
chr6,117817772,Zm00001eb278120,1.707022122288353,520,212,29,15,10,1
chr6,117850289,Zm00001eb278130,2.9195594793576416,467,264,25,20,8,3
chr6,124409130,Zm00001eb279790,9.795547365688725,616,216,29,11,6,1
chr6,126409344,Zm00001eb280210,1.7960201177908428,744,297,29,16,6,7
chr6,130867559,Zm00001eb280970,3.748817075985064,706,276,32,10,7,3
chr6,134534847,Zm00001eb282040,2.0901105758952907,1192,464,31,9,8,3
chr6,138984500,Zm00001eb282990,2.655137442273228,1069,500,29,7,3,20
chr6,139381527,Zm00001eb283110,2.856266283830376,593,349,25,30,12,5
chr6,139654163,Zm00001eb283200,2.0579915874978787,1077,410,32,4,4,19
chr6,141497453,Zm00001eb283750,3.2282312202661316,711,340,27,51,9,2
chr6,142919744,Zm00001eb284070,2.017722385261348,174,51,22,15,9,1
chr6,143072104,Zm00001eb284120,2.8262855781437546,500,187,26,27,10,4
chr6,144722672,Zm00001eb284450,1.6809466919998697,1602,665,31,39,9,3
chr6,144921415,Zm00001eb284520,1.9900310270162969,449,220,23,5,5,2
chr6,152679315,Zm00001eb286540,1.5857986645549182,518,226,30,16,8,2
chr6,158302188,Zm00001eb288150,3.3074906339787136,242,75,20,10,6,2
chr6,159037925,Zm00001eb288420,2.9114444910666863,388,134,23,11,7,2
chr6,162664891,Zm00001eb289600,1.881835007983475,1146,448,32,19,10,2
chr6,165528366,Zm00001eb290750,2.687972913495488,782,308,27,9,4,1
chr6,166984831,Zm00001eb291350,2.8153083422748817,219,96,18,26,9,2
chr6,170739704,Zm00001eb293130,3.7275814784711905,925,440,27,24,5,15
chr6,172670934,Zm00001eb294000,2.0012701891866422,485,253,28,25,8,2
chr6,173977731,Zm00001eb294740,1.9243978925261265,260,162,24,13,7,1
chr6,175625843,Zm00001eb295670,3.049368935343808,628,375,26,30,6,1
chr6,175938755,Zm00001eb295800,2.572293252703069,880,406,31,18,7,3
chr7,880702,Zm00001eb298140,2.081148712700112,786,446,28,25,9,1
chr7,1059198,Zm00001eb298180,2.905709175966613,798,332,29,9,7,12
chr7,1401739,Zm00001eb298400,2.4936713485215716,711,356,29,27,10,1
chr7,5273290,Zm00001eb299970,2.493335649869251,392,174,19,13,6,4
chr7,6870529,Zm00001eb300490,2.4773540200623496,937,371,32,13,8,1
chr7,10524518,Zm00001eb301430,1.4359456092472174,421,367,24,124,8,1
chr7,10719162,Zm00001eb301470,1.3331421122645593,1709,743,32,12,5,13
chr7,10933578,Zm00001eb301540,5.061909574591178,604,352,28,36,7,2
chr7,13954725,Zm00001eb302270,2.552939442944594,819,301,31,27,8,3
chr7,17959685,Zm00001eb302940,4.686390244607297,501,206,29,17,9,1
chr7,18956238,Zm00001eb303060,1.7875926306467889,580,244,29,26,15,2
chr7,20132866,Zm00001eb303280,2.66532678268429,982,481,30,13,9,10
chr7,21757630,Zm00001eb303620,2.369923834793785,861,493,29,37,8,11
chr7,22297801,Zm00001eb303740,2.5093168700910597,438,173,27,17,8,1
chr7,24551813,Zm00001eb304110,2.6149041861269624,1113,509,30,22,6,9
chr7,27378767,Zm00001eb304560,3.8414810666527024,591,336,27,18,12,2
chr7,52719477,Zm00001eb307400,2.282258721460169,1180,528,32,9,6,2
chr7,82964676,Zm00001eb308990,1.4127807266210728,975,447,30,17,8,6
chr7,89902299,Zm00001eb309590,1.483412957501383,494,186,26,17,7,4
chr7,104978194,Zm00001eb311230,3.004041531384752,2258,1034,34,20,3,32
chr7,112626983,Zm00001eb312020,2.776015685879615,1495,685,30,14,8,11
chr7,115955090,Zm00001eb312440,1.95379483851799,407,172,27,7,6,4
chr7,121094007,Zm00001eb312990,5.4270744724144935,800,298,29,40,11,2
chr7,123472084,Zm00001eb313460,2.315207457748919,698,260,27,23,10,3
chr7,127366190,Zm00001eb314230,1.7220254620463895,458,211,24,18,7,1
chr7,136373078,Zm00001eb316180,2.0457408494500875,1165,444,31,15,5,7
chr7,137154179,Zm00001eb316410,3.622077143871217,774,269,32,13,5,3
chr7,152794976,Zm00001eb320760,2.359105314688309,1174,456,29,10,8,3
chr7,152901826,Zm00001eb320800,2.376782648274342,1533,712,32,11,10,4
chr7,162221242,Zm00001eb322690,5.814676515804214,886,477,31,16,8,4
chr7,164514551,Zm00001eb323490,2.505228500913015,740,263,31,9,6,6
chr7,164771432,Zm00001eb323570,2.326173244124276,88,16,9,11,8,1
chr7,169218303,Zm00001eb325330,2.856167218397106,413,171,26,20,7,4
chr7,169303840,Zm00001eb325370,2.7983655340285414,245,90,16,12,3,2
chr7,173331955,Zm00001eb327030,2.6794854885435906,372,180,24,12,7,1
chr7,173667431,Zm00001eb327110,2.1224344819281495,528,284,28,37,11,6
chr7,174664944,Zm00001eb327480,1.751090382141502,95,59,13,17,6,2
chr7,175668363,Zm00001eb327810,1.7000016003088825,1029,403,33,4,4,3
chr7,175680502,Zm00001eb327830,2.3878964371314235,839,293,29,19,9,1
chr7,176262487,Zm00001eb328010,1.9647970392261265,240,195,18,73,9,3
chr7,176970350,Zm00001eb328440,6.513330994649963,506,270,30,16,6,2
chr7,179464147,Zm00001eb329360,4.1646562021484925,647,201,23,13,5,4
chr7,179751510,Zm00001eb329550,1.8798292276384685,601,317,26,32,10,2
chr7,180810886,Zm00001eb329970,2.173099184046629,444,178,26,28,12,1
chr7,181733597,Zm00001eb330450,2.9306116708948107,287,121,27,5,2,1
chr7,184184149,Zm00001eb331730,2.510958997747418,491,255,24,32,8,6
chr8,1617992,Zm00001eb332500,2.437675494292419,611,334,31,22,8,2
chr8,1749181,Zm00001eb332530,1.1478488548900925,456,185,28,21,8,1
chr8,8506709,Zm00001eb334370,2.5248681663994876,566,288,23,36,6,7
chr8,8775687,Zm00001eb334480,2.4471928673778685,1019,400,31,17,5,25
chr8,10520954,Zm00001eb334810,1.9462046699975093,376,154,24,20,5,2
chr8,13302694,Zm00001eb335380,3.8109937345835183,397,111,25,28,12,1
chr8,14488803,Zm00001eb335790,5.730815164538821,574,256,28,19,8,3
chr8,14821883,Zm00001eb335870,2.0682081316758447,386,224,25,7,5,1
chr8,17930775,Zm00001eb336750,1.4278999050363927,507,242,27,35,13,1
chr8,19585956,Zm00001eb337140,2.5272997434692557,1029,387,29,16,10,1
chr8,22431123,Zm00001eb337820,3.057842496153543,926,432,31,7,5,3
chr8,35510978,Zm00001eb339970,2.2879860081957872,1380,602,33,23,8,6
chr8,63618585,Zm00001eb342350,2.869637650985566,331,214,23,40,9,2
chr8,74324726,Zm00001eb344390,5.125252714907451,454,200,25,11,5,1
chr8,95195123,Zm00001eb347380,2.113338649333199,1398,502,31,22,10,8
chr8,107751729,Zm00001eb349530,6.414710185889344,382,146,23,11,9,1
chr8,111330142,Zm00001eb350050,2.270372570453316,778,317,30,16,9,2
chr8,116309207,Zm00001eb350800,3.043002445624664,367,157,25,17,8,3
chr8,120328484,Zm00001eb351640,4.244194216337269,250,88,18,6,4,1
chr8,120770399,Zm00001eb351780,2.2373508295204845,1104,360,32,21,9,4
chr8,121249849,Zm00001eb351910,2.6652840215089357,477,197,26,19,7,1
chr8,121472803,Zm00001eb351960,1.470523439041034,554,196,30,13,9,2
chr8,122598520,Zm00001eb352310,5.150081652451887,513,240,27,16,5,1
chr8,125692145,Zm00001eb352940,2.9148668990011504,610,275,30,17,8,1
chr8,132884231,Zm00001eb354530,2.7259268863491086,424,197,26,22,7,4
chr8,135407191,Zm00001eb355170,7.387917666386748,1050,431,33,20,5,15
chr8,138292923,Zm00001eb356090,2.489816512747927,825,342,34,30,11,2
chr8,139542115,Zm00001eb356410,1.002036770545491,511,164,24,32,9,1
chr8,139633555,Zm00001eb356430,2.9344690963873594,876,517,30,14,5,5
chr8,141846950,Zm00001eb356920,2.1281626349460367,592,215,28,21,10,1
chr8,143422255,Zm00001eb357290,1.3467381600489003,1246,563,32,9,7,9
chr8,143696517,Zm00001eb357340,2.3397966562317483,458,184,27,33,10,4
chr8,144808376,Zm00001eb357600,2.6331342190462195,886,428,32,15,6,1
chr8,148019718,Zm00001eb358310,4.062382971328123,611,206,30,23,5,1
chr8,148220192,Zm00001eb358380,3.606833458385681,707,220,28,20,9,2
chr8,149082352,Zm00001eb358690,3.271785325755113,447,196,24,20,9,1
chr8,151310228,Zm00001eb359400,4.113862535067752,263,121,24,10,6,2
chr8,154803605,Zm00001eb360330,2.4156289925880072,568,220,27,5,4,1
chr8,158078802,Zm00001eb361180,2.784443667316501,198,67,22,24,11,1
chr8,160124268,Zm00001eb361900,3.050999025132883,877,397,30,10,4,16
chr8,162966385,Zm00001eb362270,2.791335446100365,689,498,31,21,6,1
chr8,165905195,Zm00001eb363480,2.543557184954071,651,314,28,10,6,2
chr8,166221363,Zm00001eb363730,2.819579796012812,831,330,30,19,9,3
chr8,166609169,Zm00001eb363880,1.9709685441101807,274,69,15,13,4,2
chr8,167523808,Zm00001eb364260,2.024191433349474,875,324,29,31,10,4
chr8,167835862,Zm00001eb364360,3.2527941695374234,398,237,24,12,9,1
chr8,168498954,Zm00001eb364700,3.596626692460872,381,156,25,9,5,1
chr8,169330104,Zm00001eb365060,2.194329974718386,496,212,30,24,6,1
chr8,170000212,Zm00001eb365530,3.918592705554616,237,98,20,37,9,3
chr8,170468152,Zm00001eb365690,2.0716104883894,989,460,31,36,13,3
chr8,170688841,Zm00001eb365760,4.111746613288651,565,235,27,31,6,1
chr8,170726288,Zm00001eb365780,2.983379014839409,892,380,29,12,6,1
chr8,170841016,Zm00001eb365820,2.1078338164841717,121,44,13,9,6,1
chr8,173983761,Zm00001eb367290,1.846391553585101,614,255,30,15,11,2
chr8,177936963,Zm00001eb369360,2.519296049239762,1381,611,32,38,8,1
chr8,178310904,Zm00001eb369690,1.8560892252708696,1090,692,33,15,7,5
chr8,179708135,Zm00001eb370370,2.658557680019747,973,380,32,67,11,3
chr8,179956982,Zm00001eb370480,2.015279933830635,333,149,24,12,6,1
chr8,179956982,Zm00001eb370490,5.369328196090953,333,149,24,12,6,1
chr8,181585871,Zm00001eb371150,1.9059675586076643,1129,631,30,80,11,4
chr8,181685300,Zm00001eb371180,2.4216835827902803,854,484,30,9,6,3
chr9,2221701,Zm00001eb371520,1.8181388931208795,951,589,32,70,9,6
chr9,10900844,Zm00001eb373600,2.3386125552092167,484,169,28,9,6,2
chr9,13076932,Zm00001eb374170,2.8780626893577255,388,147,22,7,6,1
chr9,13463701,Zm00001eb374330,1.6181686821158872,720,281,25,29,10,4
chr9,14320547,Zm00001eb374580,1.8971760421948416,1405,598,32,31,5,21
chr9,17538945,Zm00001eb375480,2.889897845155618,677,228,29,11,6,8
chr9,18132531,Zm00001eb375670,3.623948571308909,593,297,30,13,9,3
chr9,18311524,Zm00001eb375690,3.0463858326444253,227,146,20,27,9,1
chr9,25715058,Zm00001eb378280,2.2972309314081407,696,288,28,2,2,9
chr9,27458565,Zm00001eb378780,2.103731474270827,387,222,21,20,7,1
chr9,27730744,Zm00001eb378830,1.5108370808028817,1545,760,32,13,9,8
chr9,28619502,Zm00001eb379070,3.622352488728783,110,23,10,8,4,1
chr9,28971025,Zm00001eb379200,2.094570252486709,202,66,15,12,3,5
chr9,32735822,Zm00001eb379770,4.225863212824155,500,208,26,31,8,3
chr9,43137149,Zm00001eb381110,3.0630036140548107,374,121,23,7,6,2
chr9,78690049,Zm00001eb384580,2.0187491728805615,444,174,27,10,5,2
chr9,86940666,Zm00001eb385310,5.4563074515983665,568,239,28,13,5,8
chr9,89409471,Zm00001eb385600,1.945641899503812,648,287,32,24,11,1
chr9,95715345,Zm00001eb386410,4.2711141341040735,478,250,30,10,5,3
chr9,97686378,Zm00001eb386670,3.54469480317845,1124,420,34,30,10,7
chr9,98802774,Zm00001eb386920,4.391702011792004,167,52,17,13,8,1
chr9,102589516,Zm00001eb387530,3.517068454399342,1579,594,32,10,6,23
chr9,105100312,Zm00001eb388040,2.546970347607554,720,285,32,14,7,5
chr9,114028069,Zm00001eb389750,1.570640510225311,1455,841,34,20,6,1
chr9,118104984,Zm00001eb390480,2.5792444565528156,1084,581,31,19,11,6
chr9,118437958,Zm00001eb390560,2.6247022196235013,908,467,32,21,10,1
chr9,118637912,Zm00001eb390620,3.000648476281756,228,103,19,29,8,3
chr9,118637912,Zm00001eb390630,2.6281076190415016,228,103,19,29,8,3
chr9,120197239,Zm00001eb391000,3.6825842980269456,291,97,23,20,11,1
chr9,122118336,Zm00001eb391500,2.465390847641111,897,439,31,7,5,4
chr9,124884985,Zm00001eb392270,3.042346253705929,634,206,26,14,8,1
chr9,125649370,Zm00001eb392420,2.5552530787738763,294,129,23,14,5,2
chr9,126371314,Zm00001eb392580,1.269886683524992,1066,391,30,13,4,13
chr9,127396363,Zm00001eb392740,3.72080896068054,549,276,30,14,7,7
chr9,133948298,Zm00001eb394390,2.190089812577919,442,164,26,20,11,1
chr9,144887582,Zm00001eb397350,2.3099901398415645,385,163,23,18,10,1
chr9,145381215,Zm00001eb397550,2.246237253881352,637,340,28,17,11,2
chr9,146333600,Zm00001eb397900,2.6311028284089657,376,163,25,24,9,1
chr9,146645800,Zm00001eb397980,5.358473805625028,503,156,24,9,7,1
chr9,148869547,Zm00001eb398660,3.5421658958831186,458,266,24,26,10,1
chr9,149072059,Zm00001eb398750,2.1202665528226134,1243,633,33,18,9,5
chr9,150243406,Zm00001eb399180,2.7513403451941287,1721,727,32,20,9,8
chr9,153163926,Zm00001eb400160,2.6464567801316603,1198,608,31,12,7,5
chr9,154426571,Zm00001eb400800,1.652323651479111,921,358,30,12,8,3
chr9,155058866,Zm00001eb401030,1.7195219639960633,327,138,25,26,7,1
chr9,156946459,Zm00001eb401810,2.298832895090343,253,112,25,29,9,2
chr9,157691476,Zm00001eb402200,3.1749636009854254,64,10,7,2,1,2
chr9,157730650,Zm00001eb402300,1.766755663268392,668,362,31,19,13,2
chr9,157765410,Zm00001eb402390,4.027247771856735,579,278,29,20,9,5
chr9,158841703,Zm00001eb403000,2.350186336232038,271,88,22,19,10,1
chr9,159816783,Zm00001eb403450,1.6746920973337742,637,220,30,36,10,2
chr9,160764965,Zm00001eb404040,2.5965898104389025,569,280,33,20,8,2
chr10,2312252,Zm00001eb405630,2.168942650916777,417,198,28,19,13,2
chr10,13503648,Zm00001eb408750,2.862384599000813,566,289,29,21,8,6
chr10,15073683,Zm00001eb408960,2.0220403125060007,533,298,26,38,11,2
chr10,24049601,Zm00001eb410260,2.5913860907730815,307,62,18,13,4,2
chr10,81773643,Zm00001eb416180,2.120923721542291,1498,673,31,19,5,12
chr10,95376505,Zm00001eb418570,2.469356047250821,340,152,25,14,5,1
chr10,98769739,Zm00001eb419190,3.2089875544793545,575,249,27,32,8,2
chr10,118636974,Zm00001eb422400,3.864737213611521,1011,444,33,27,7,2
chr10,119597830,Zm00001eb422560,2.777517257311887,548,306,28,10,8,3
chr10,122646191,Zm00001eb423410,2.204669172080929,491,262,27,12,7,1
chr10,122921125,Zm00001eb423440,12.93827720009006,393,221,21,39,8,2
chr10,135013948,Zm00001eb427180,1.6586527563394895,795,210,28,10,7,4
chr10,136303592,Zm00001eb427640,1.8419230329690903,571,191,28,10,5,3
chr10,138938403,Zm00001eb428570,2.8507596118688783,286,110,21,26,8,1
chr10,142901586,Zm00001eb430160,5.700150619890914,1396,707,28,48,11,2
chr10,143204004,Zm00001eb430350,1.9941093863543613,200,82,20,29,9,1
chr10,144328092,Zm00001eb430780,2.6065774439903566,1771,743,32,28,8,8
chr10,144347010,Zm00001eb430800,2.73154651053456,291,151,25,16,9,1
chr10,144426712,Zm00001eb430820,3.1401620304783036,208,83,21,14,6,2
chr10,146230984,Zm00001eb431580,2.505721658747991,1796,996,33,8,4,20
chr10,146450316,Zm00001eb431690,2.1140167710302453,645,259,29,15,8,4
chr10,150135146,Zm00001eb433520,2.1607528247400194,555,318,27,8,4,3
