gene_id,chr,pos,in_peak,peak_width,n_hybrids_in_peak,n_families_at_variant,variant_families,n_sole_copy,sole_families,n_redundant,redundant_families,has_any_sole,all_sole,total_motifs_in_peak,n_families_in_peak
Zm00001eb002000,chr1,5744103,True,241,4,2,"MYB,MYB_related",0,,2,"MYB(+9),MYB_related(+18)",False,False,118,21
Zm00001eb010410,chr1,33102069,True,417,25,3,"HD-ZIP,WOX,B3",1,HD-ZIP,2,"WOX(+1),B3(+5)",True,False,187,26
Zm00001eb010590,chr1,33805903,True,274,25,3,"bHLH,Trihelix,CAMTA",1,CAMTA,2,"bHLH(+4),Trihelix(+3)",True,False,97,23
Zm00001eb010600,chr1,33805903,True,274,25,3,"bHLH,Trihelix,CAMTA",1,CAMTA,2,"bHLH(+4),Trihelix(+3)",True,False,97,23
Zm00001eb010650,chr1,34133753,True,127,6,1,CPP,0,,1,CPP(+10),False,False,56,16
Zm00001eb011070,chr1,35686099,True,311,24,1,bZIP,0,,1,bZIP(+19),False,False,134,23
Zm00001eb013520,chr1,45314945,True,62,24,3,"ERF,C2H2,TCP",1,TCP,2,"ERF(+13),C2H2(+3)",True,False,56,14
Zm00001eb013720,chr1,45913981,True,125,5,2,"TALE,LBD",1,TALE,1,LBD(+1),True,False,37,10
Zm00001eb013870,chr1,46460037,True,82,22,0,,0,,0,,False,False,23,10
Zm00001eb015210,chr1,52046833,True,213,23,0,,0,,0,,False,False,77,16
Zm00001eb015900,chr1,55231201,True,71,14,2,"MYB_related,CPP",0,,2,"MYB_related(+2),CPP(+5)",False,False,26,10
Zm00001eb016400,chr1,57416832,True,81,5,2,"TCP,Trihelix",1,TCP,1,Trihelix(+1),True,False,27,11
Zm00001eb020660,chr1,77325694,True,157,25,2,"MYB_related,CPP",0,,2,"MYB_related(+2),CPP(+1)",False,False,46,15
Zm00001eb028820,chr1,154479231,True,235,23,5,"EIL,Dof,TALE,G2-like,GRAS",1,GRAS,4,"EIL(+2),Dof(+10),TALE(+2),G2-like(+4)",True,False,91,22
Zm00001eb030870,chr1,170914905,True,428,4,4,"Trihelix,MYB,CPP,WOX",0,,4,"Trihelix(+5),MYB(+21),CPP(+13),WOX(+6)",False,False,191,23
Zm00001eb033190,chr1,184804492,True,150,3,1,MYB,0,,1,MYB(+10),False,False,86,19
Zm00001eb040100,chr1,211667666,True,229,25,1,ERF,0,,1,ERF(+14),False,False,74,19
Zm00001eb043170,chr1,227767796,True,127,2,1,E2F/DP,1,E2F/DP,0,,True,True,41,12
Zm00001eb043450,chr1,228494853,True,143,17,0,,0,,0,,False,False,138,23
Zm00001eb044650,chr1,233018019,True,225,16,0,,0,,0,,False,False,144,18
Zm00001eb044960,chr1,234151085,True,157,7,0,,0,,0,,False,False,76,13
Zm00001eb045280,chr1,235137771,True,63,17,0,,0,,0,,False,False,12,6
Zm00001eb045370,chr1,235367280,True,273,12,0,,0,,0,,False,False,150,21
Zm00001eb046280,chr1,239371910,True,120,24,0,,0,,0,,False,False,72,16
Zm00001eb048860,chr1,251130738,True,322,25,2,"B3,NAC",0,,2,"B3(+2),NAC(+12)",False,False,109,25
Zm00001eb049730,chr1,254176253,True,82,2,0,,0,,0,,False,False,17,7
Zm00001eb051580,chr1,261611654,True,183,25,3,"C2H2,NAC,B3",0,,3,"C2H2(+3),NAC(+1),B3(+3)",False,False,44,16
Zm00001eb051780,chr1,262493215,True,363,16,2,"NAC,CAMTA",0,,2,"NAC(+6),CAMTA(+1)",False,False,135,20
Zm00001eb052270,chr1,264527680,True,210,24,3,"ERF,WRKY,CPP",0,,3,"ERF(+20),WRKY(+2),CPP(+1)",False,False,77,17
Zm00001eb052940,chr1,266477700,True,100,25,5,"NAC,Dof,ERF,MIKC_MADS,G2-like",1,MIKC_MADS,4,"NAC(+14),Dof(+5),ERF(+9),G2-like(+4)",True,False,67,18
Zm00001eb055720,chr1,277129800,True,199,5,1,G2-like,0,,1,G2-like(+17),False,False,79,19
Zm00001eb056930,chr1,281863688,True,200,24,5,"C2H2,MYB,WOX,CPP,Dof",2,"WOX,CPP",3,"C2H2(+7),MYB(+4),Dof(+8)",True,False,105,22
Zm00001eb058750,chr1,287900267,True,284,2,0,,0,,0,,False,False,121,22
Zm00001eb064000,chr1,303833607,True,88,25,1,NAC,0,,1,NAC(+16),False,False,28,9
Zm00001eb064190,chr1,304254031,True,150,2,0,,0,,0,,False,False,55,14
Zm00001eb064350,chr1,304701394,True,64,21,1,CAMTA,1,CAMTA,0,,True,True,14,9
Zm00001eb064670,chr1,305701303,True,60,20,4,"C2H2,Dof,GRAS,Trihelix",4,"C2H2,Dof,GRAS,Trihelix",0,,True,True,15,7
Zm00001eb064930,chr1,306411699,True,123,25,2,"C2H2,ERF",0,,2,"C2H2(+4),ERF(+37)",False,False,65,11
Zm00001eb073610,chr2,17283394,True,173,25,5,"LBD,bZIP,bHLH,NAC,TALE",0,,5,"LBD(+2),bZIP(+3),bHLH(+1),NAC(+4),TALE(+1)",False,False,78,19
Zm00001eb074030,chr2,19112501,True,150,24,5,"NAC,C2H2,GRAS,Dof,Trihelix",1,GRAS,4,"NAC(+2),C2H2(+3),Dof(+7),Trihelix(+1)",True,False,57,19
Zm00001eb078890,chr2,36159238,True,180,25,1,MYB,0,,1,MYB(+2),False,False,50,13
Zm00001eb079420,chr2,38576363,True,127,25,2,"TCP,ERF",1,ERF,1,TCP(+3),True,False,64,18
Zm00001eb080510,chr2,42789655,True,295,24,3,"C2H2,Dof,MIKC_MADS",0,,3,"C2H2(+16),Dof(+4),MIKC_MADS(+1)",False,False,140,22
Zm00001eb081030,chr2,44929408,True,197,25,3,"TCP,ERF,TALE",2,"TCP,TALE",1,ERF(+18),True,False,78,17
Zm00001eb091780,chr2,140544189,True,173,25,2,"C2H2,ERF",1,C2H2,1,ERF(+8),True,False,54,17
Zm00001eb093670,chr2,154488990,True,63,1,5,"C2H2,MYB,GRAS,CPP,MIKC_MADS",3,"C2H2,CPP,MIKC_MADS",2,"MYB(+2),GRAS(+1)",True,False,25,11
Zm00001eb094220,chr2,157667489,True,156,25,0,,0,,0,,False,False,53,18
Zm00001eb101450,chr2,193988864,True,300,11,4,"C2H2,MIKC_MADS,Dof,M-type_MADS",1,MIKC_MADS,3,"C2H2(+16),Dof(+2),M-type_MADS(+1)",True,False,141,23
Zm00001eb102050,chr2,195634230,True,214,17,8,"C2H2,Trihelix,ERF,MIKC_MADS,MYB,Dof,GRAS,M-type_MADS",1,M-type_MADS,7,"C2H2(+4),Trihelix(+2),ERF(+6),MIKC_MADS(+9),MYB(+10),Dof(+15),GRAS(+3)",True,False,112,20
Zm00001eb104710,chr2,205132586,True,58,5,1,Trihelix,0,,1,Trihelix(+1),False,False,14,7
Zm00001eb106770,chr2,211536463,True,64,14,2,"B3,Trihelix",2,"B3,Trihelix",0,,True,True,20,10
Zm00001eb108620,chr2,216734256,True,612,25,1,C2H2,0,,1,C2H2(+20),False,False,325,29
Zm00001eb109880,chr2,219580380,True,116,4,0,,0,,0,,False,False,19,9
Zm00001eb113870,chr2,231497576,True,162,25,0,,0,,0,,False,False,36,16
Zm00001eb113900,chr2,231633353,True,337,8,0,,0,,0,,False,False,149,23
Zm00001eb115000,chr2,235230798,True,382,25,3,"HD-ZIP,MYB_related,G2-like",0,,3,"HD-ZIP(+12),MYB_related(+14),G2-like(+22)",False,False,188,26
Zm00001eb117460,chr2,240665648,True,185,23,2,"MYB,C2H2",0,,2,"MYB(+10),C2H2(+6)",False,False,77,12
Zm00001eb123270,chr3,13645592,True,343,25,2,"bHLH,MYB",0,,2,"bHLH(+1),MYB(+4)",False,False,143,23
Zm00001eb124200,chr3,17092334,True,236,25,4,"MYB_related,NAC,G2-like,MIKC_MADS",2,"G2-like,MIKC_MADS",2,"MYB_related(+11),NAC(+3)",True,False,115,23
Zm00001eb127420,chr3,34672994,True,60,15,5,"MYB_related,MYB,G2-like,MIKC_MADS,ERF",3,"MYB_related,G2-like,MIKC_MADS",2,"MYB(+3),ERF(+1)",True,False,16,9
Zm00001eb138110,chr3,136849723,True,65,10,2,"bHLH,TALE",1,bHLH,1,TALE(+2),True,False,48,7
Zm00001eb144320,chr3,170697399,True,564,25,7,"G2-like,MYB_related,bZIP,MIKC_MADS,CPP,Trihelix,M-type_MADS",0,,7,"G2-like(+2),MYB_related(+5),bZIP(+13),MIKC_MADS(+1),CPP(+3),Trihelix(+6),M-type_MADS(+2)",False,False,178,29
Zm00001eb149750,chr3,191054457,True,304,25,3,"TCP,ERF,bHLH",1,TCP,2,"ERF(+16),bHLH(+10)",True,False,146,23
Zm00001eb152120,chr3,199143750,True,302,24,0,,0,,0,,False,False,138,24
Zm00001eb153020,chr3,202471379,True,62,18,0,,0,,0,,False,False,10,6
Zm00001eb153460,chr3,203762192,True,120,11,1,C2H2,0,,1,C2H2(+4),False,False,40,11
Zm00001eb153580,chr3,204399824,True,60,6,3,"bHLH,TCP,MYB",2,"bHLH,TCP",1,MYB(+2),True,False,14,8
Zm00001eb153760,chr3,204800583,True,63,11,2,"SBP,AP2",2,"SBP,AP2",0,,True,True,11,5
Zm00001eb159400,chr3,222949722,True,122,25,1,C2H2,0,,1,C2H2(+1),False,False,29,13
Zm00001eb159550,chr3,223345700,True,166,20,1,TALE,0,,1,TALE(+1),False,False,42,17
Zm00001eb161090,chr3,228195173,True,589,8,0,,0,,0,,False,False,230,26
Zm00001eb161610,chr3,229581278,True,482,25,3,"Trihelix,MYB_related,MYB",0,,3,"Trihelix(+2),MYB_related(+11),MYB(+4)",False,False,251,28
Zm00001eb163880,chr3,236713284,True,116,22,0,,0,,0,,False,False,48,12
Zm00001eb173230,chr4,38328395,True,423,2,2,"HSF,CPP",0,,2,"HSF(+2),CPP(+10)",False,False,168,30
Zm00001eb184420,chr4,140997057,True,353,18,3,"TALE,HD-ZIP,CAMTA",0,,3,"TALE(+4),HD-ZIP(+4),CAMTA(+3)",False,False,159,25
Zm00001eb191640,chr4,177063328,True,88,10,0,,0,,0,,False,False,17,8
Zm00001eb192630,chr4,179998271,True,141,1,1,ERF,0,,1,ERF(+2),False,False,50,17
Zm00001eb203840,chr4,230230774,True,60,8,0,,0,,0,,False,False,5,4
Zm00001eb207970,chr4,246091770,True,76,6,2,"MYB_related,NAC",2,"MYB_related,NAC",0,,True,True,44,13
Zm00001eb209100,chr4,248093954,True,295,25,6,"Trihelix,C2H2,HD-ZIP,WOX,LBD,CPP",3,"HD-ZIP,LBD,CPP",3,"Trihelix(+1),C2H2(+30),WOX(+1)",True,False,153,27
Zm00001eb213050,chr5,4631545,True,64,19,0,,0,,0,,False,False,14,8
Zm00001eb214630,chr5,7313087,True,250,22,0,,0,,0,,False,False,100,21
Zm00001eb216260,chr5,11366019,True,161,11,0,,0,,0,,False,False,65,13
Zm00001eb217870,chr5,15259532,True,149,25,5,"MYB_related,TALE,G2-like,LBD,HSF",3,"G2-like,LBD,HSF",2,"MYB_related(+2),TALE(+2)",True,False,59,15
Zm00001eb218270,chr5,16163710,True,65,18,1,NAC,1,NAC,0,,True,True,8,6
Zm00001eb219260,chr5,19678594,True,60,10,1,ERF,0,,1,ERF(+1),False,False,32,10
Zm00001eb223240,chr5,36348038,True,113,1,6,"MIKC_MADS,Dof,C2H2,TALE,MYB_related,GRAS",1,TALE,5,"MIKC_MADS(+11),Dof(+19),C2H2(+2),MYB_related(+3),GRAS(+3)",True,False,108,13
Zm00001eb227820,chr5,62145381,True,139,25,4,"TALE,C2H2,LBD,ARF",2,"TALE,ARF",2,"C2H2(+6),LBD(+4)",True,False,55,15
Zm00001eb228660,chr5,66029051,True,111,15,2,"ERF,TALE",0,,2,"ERF(+15),TALE(+2)",False,False,47,14
Zm00001eb233850,chr5,92095945,True,60,7,6,"Trihelix,WOX,HD-ZIP,MYB,CPP,M-type_MADS",1,CPP,5,"Trihelix(+2),WOX(+1),HD-ZIP(+1),MYB(+2),M-type_MADS(+2)",True,False,32,14
Zm00001eb238000,chr5,142502511,True,572,25,0,,0,,0,,False,False,316,26
Zm00001eb241520,chr5,166109809,True,134,15,0,,0,,0,,False,False,83,17
Zm00001eb241810,chr5,167284817,True,371,25,6,"NAC,B3,ERF,ARF,bZIP,TCP",0,,6,"NAC(+19),B3(+3),ERF(+19),ARF(+1),bZIP(+20),TCP(+24)",False,False,186,25
Zm00001eb241920,chr5,168023778,True,175,25,4,"G2-like,MYB_related,LBD,HSF",1,LBD,3,"G2-like(+20),MYB_related(+2),HSF(+5)",True,False,101,20
Zm00001eb257390,chr5,221117231,True,92,10,4,"NAC,CPP,Trihelix,CAMTA",2,"Trihelix,CAMTA",2,"NAC(+1),CPP(+1)",True,False,33,14
Zm00001eb259140,chr5,224510508,True,106,4,3,"TCP,MYB_related,Trihelix",1,MYB_related,2,"TCP(+15),Trihelix(+1)",True,False,59,12
Zm00001eb267380,chr6,50584394,True,262,25,1,MYB,0,,1,MYB(+12),False,False,202,21
Zm00001eb269310,chr6,71518134,True,339,15,1,MYB,0,,1,MYB(+10),False,False,174,25
Zm00001eb270660,chr6,82204827,True,189,25,0,,0,,0,,False,False,36,13
Zm00001eb278070,chr6,117591379,True,318,25,5,"Dof,C2H2,HD-ZIP,TCP,NAC",2,"Dof,HD-ZIP",3,"C2H2(+8),TCP(+13),NAC(+1)",True,False,166,29
Zm00001eb282960,chr6,138884889,True,221,10,3,"Dof,C2H2,ARR-B",2,"Dof,ARR-B",1,C2H2(+12),True,False,93,18
Zm00001eb287610,chr6,156454369,True,62,25,0,,0,,0,,False,False,12,4
Zm00001eb288130,chr6,158295494,True,219,25,4,"C2H2,TALE,GRAS,MIKC_MADS",0,,4,"C2H2(+6),TALE(+6),GRAS(+3),MIKC_MADS(+10)",False,False,102,22
Zm00001eb289530,chr6,162420882,True,204,25,1,TALE,0,,1,TALE(+1),False,False,81,24
Zm00001eb293310,chr6,171169950,True,130,22,4,"bZIP,NAC,YABBY,CPP",1,YABBY,3,"bZIP(+3),NAC(+7),CPP(+7)",True,False,102,18
Zm00001eb295120,chr6,174632784,True,58,25,1,NAC,1,NAC,0,,True,True,18,7
Zm00001eb295170,chr6,174715533,True,492,23,3,"ERF,TALE,C2H2",0,,3,"ERF(+32),TALE(+4),C2H2(+20)",False,False,232,25
Zm00001eb301490,chr7,10735160,True,377,25,4,"NAC,HD-ZIP,TALE,MIKC_MADS",0,,4,"NAC(+12),HD-ZIP(+15),TALE(+5),MIKC_MADS(+7)",False,False,171,29
Zm00001eb309560,chr7,89397106,True,104,12,0,,0,,0,,False,False,89,12
Zm00001eb315000,chr7,131670304,True,484,16,0,,0,,0,,False,False,192,27
Zm00001eb316080,chr7,136093429,True,134,17,0,,0,,0,,False,False,77,14
Zm00001eb316700,chr7,138416698,True,417,10,2,"MYB_related,C2H2",0,,2,"MYB_related(+10),C2H2(+7)",False,False,178,27
Zm00001eb317810,chr7,143100402,True,260,24,2,"ERF,MYB_related",0,,2,"ERF(+12),MYB_related(+2)",False,False,73,18
Zm00001eb320580,chr7,152271809,True,366,25,2,"ERF,TALE",0,,2,"ERF(+54),TALE(+12)",False,False,229,22
Zm00001eb321330,chr7,154612148,True,160,25,7,"TCP,NAC,TALE,Nin-like,MIKC_MADS,bHLH,GRAS",2,"Nin-like,MIKC_MADS",5,"TCP(+5),NAC(+6),TALE(+4),bHLH(+8),GRAS(+1)",True,False,89,21
Zm00001eb322430,chr7,161258452,True,323,25,3,"TALE,C2H2,Nin-like",1,Nin-like,2,"TALE(+2),C2H2(+3)",True,False,108,20
Zm00001eb322850,chr7,162616610,True,78,24,0,,0,,0,,False,False,26,12
Zm00001eb322940,chr7,162807470,True,58,3,1,C2H2,0,,1,C2H2(+2),False,False,21,9
Zm00001eb324270,chr7,166654451,True,171,24,4,"ERF,LBD,C2H2,Nin-like",2,"LBD,Nin-like",2,"ERF(+14),C2H2(+12)",True,False,110,16
Zm00001eb325750,chr7,170356482,True,61,2,2,"WRKY,G2-like",0,,2,"WRKY(+3),G2-like(+1)",False,False,28,6
Zm00001eb327790,chr7,175487307,True,321,1,2,"TALE,C2H2",0,,2,"TALE(+4),C2H2(+13)",False,False,98,20
Zm00001eb329780,chr7,180169307,True,181,22,4,"G2-like,NAC,CPP,ERF",0,,4,"G2-like(+5),NAC(+13),CPP(+1),ERF(+2)",False,False,58,17
Zm00001eb331960,chr7,184734845,True,418,25,2,"TCP,NAC",0,,2,"TCP(+4),NAC(+1)",False,False,125,24
Zm00001eb333100,chr8,3885807,True,91,22,1,EIL,1,EIL,0,,True,True,29,12
Zm00001eb335350,chr8,13195128,True,182,20,1,C2H2,0,,1,C2H2(+2),False,False,92,22
Zm00001eb335640,chr8,14008624,True,187,24,2,"G2-like,Dof",0,,2,"G2-like(+5),Dof(+11)",False,False,124,21
Zm00001eb336310,chr8,16571666,True,473,25,0,,0,,0,,False,False,181,31
Zm00001eb339310,chr8,29624422,True,67,24,3,"Nin-like,RAV,ARF",3,"Nin-like,RAV,ARF",0,,True,True,23,10
Zm00001eb343490,chr8,69576856,True,220,25,3,"ERF,MYB,WRKY",1,WRKY,2,"ERF(+1),MYB(+1)",True,False,75,21
Zm00001eb344340,chr8,74212102,True,99,16,1,bHLH,1,bHLH,0,,True,True,17,10
Zm00001eb356280,chr8,138992533,True,383,14,3,"MYB_related,Trihelix,MYB",0,,3,"MYB_related(+6),Trihelix(+7),MYB(+9)",False,False,179,27
Zm00001eb357970,chr8,146144410,True,671,1,4,"bZIP,ERF,Nin-like,NAC",1,Nin-like,3,"bZIP(+5),ERF(+49),NAC(+6)",True,False,266,28
Zm00001eb360250,chr8,154494525,True,154,19,3,"WRKY,TCP,Dof",1,TCP,2,"WRKY(+1),Dof(+4)",True,False,42,17
Zm00001eb360260,chr8,154506381,True,370,11,0,,0,,0,,False,False,114,22
Zm00001eb360390,chr8,154951178,True,96,23,1,SBP,1,SBP,0,,True,True,23,9
Zm00001eb365940,chr8,171206073,True,229,25,6,"Dof,WRKY,TALE,GRAS,bZIP,MIKC_MADS",1,bZIP,5,"Dof(+6),WRKY(+20),TALE(+1),GRAS(+16),MIKC_MADS(+22)",True,False,150,23
Zm00001eb366050,chr8,171368481,True,105,5,6,"C2H2,bZIP,SBP,TALE,WRKY,NAC",1,C2H2,5,"bZIP(+5),SBP(+14),TALE(+2),WRKY(+3),NAC(+7)",True,False,57,14
Zm00001eb370290,chr8,179616196,True,264,25,4,"bZIP,C2H2,NAC,bHLH",0,,4,"bZIP(+6),C2H2(+6),NAC(+8),bHLH(+1)",False,False,134,23
Zm00001eb370850,chr8,180764165,True,364,23,0,,0,,0,,False,False,156,22
Zm00001eb371200,chr8,181730167,True,384,25,6,"Dof,MYB_related,Trihelix,G2-like,ARR-B,bZIP",0,,6,"Dof(+4),MYB_related(+10),Trihelix(+7),G2-like(+21),ARR-B(+1),bZIP(+2)",False,False,168,22
Zm00001eb373580,chr9,10774790,True,216,25,4,"C2H2,NAC,Trihelix,GRAS",1,Trihelix,3,"C2H2(+5),NAC(+3),GRAS(+2)",True,False,82,19
Zm00001eb374160,chr9,13058820,True,342,22,5,"EIL,Dof,C2H2,MIKC_MADS,GRAS",1,EIL,4,"Dof(+12),C2H2(+13),MIKC_MADS(+15),GRAS(+7)",True,False,165,25
Zm00001eb377470,chr9,22676829,True,70,18,5,"MYB_related,ERF,MYB,Trihelix,WOX",1,MYB_related,4,"ERF(+10),MYB(+1),Trihelix(+1),WOX(+1)",True,False,32,9
Zm00001eb378810,chr9,27588012,True,248,25,0,,0,,0,,False,False,89,21
Zm00001eb379950,chr9,34000550,True,563,25,2,"C2H2,MYB_related",0,,2,"C2H2(+13),MYB_related(+12)",False,False,253,26
Zm00001eb381470,chr9,46397613,True,169,23,4,"ERF,LBD,TALE,TCP",1,TALE,3,"ERF(+22),LBD(+5),TCP(+6)",True,False,97,22
Zm00001eb384110,chr9,74126238,True,170,19,3,"EIL,MYB,SBP",1,EIL,2,"MYB(+5),SBP(+3)",True,False,65,19
Zm00001eb385450,chr9,88034220,True,431,5,2,"Trihelix,MYB",0,,2,"Trihelix(+11),MYB(+23)",False,False,235,28
Zm00001eb386220,chr9,94270267,True,91,5,0,,0,,0,,False,False,31,13
Zm00001eb387030,chr9,99581548,True,91,7,4,"Dof,LBD,GRAS,CPP",2,"LBD,GRAS",2,"Dof(+3),CPP(+1)",True,False,41,14
Zm00001eb393660,chr9,131018319,True,157,13,4,"HD-ZIP,WOX,GRAS,MIKC_MADS",2,"HD-ZIP,GRAS",2,"WOX(+3),MIKC_MADS(+1)",True,False,38,14
Zm00001eb395470,chr9,139156708,True,120,24,2,"GATA,G2-like",1,G2-like,1,GATA(+3),True,False,51,17
Zm00001eb396060,chr9,141202033,True,227,25,2,"G2-like,ARF",2,"G2-like,ARF",0,,True,True,75,18
Zm00001eb396520,chr9,142860542,True,376,25,4,"Dof,NAC,MYB_related,MYB",0,,4,"Dof(+4),NAC(+26),MYB_related(+2),MYB(+4)",False,False,213,26
Zm00001eb397090,chr9,144227434,True,115,25,2,"GRAS,CPP",0,,2,"GRAS(+8),CPP(+3)",False,False,58,12
Zm00001eb398630,chr9,148791435,True,131,24,2,"ERF,WRKY",1,WRKY,1,ERF(+15),True,False,54,15
Zm00001eb404310,chr9,161194925,True,247,24,3,"ERF,LBD,ARF",0,,3,"ERF(+6),LBD(+3),ARF(+4)",False,False,85,20
Zm00001eb405450,chr10,2006861,True,155,25,1,MYB,1,MYB,0,,True,True,64,17
Zm00001eb406080,chr10,3735892,True,291,24,2,"MYB,TALE",0,,2,"MYB(+7),TALE(+14)",False,False,129,24
Zm00001eb406760,chr10,5111246,True,282,22,0,,0,,0,,False,False,99,24
Zm00001eb407090,chr10,6211300,True,605,16,4,"ERF,TALE,C2H2,MIKC_MADS",0,,4,"ERF(+9),TALE(+8),C2H2(+30),MIKC_MADS(+5)",False,False,251,26
Zm00001eb407550,chr10,7903301,True,382,25,3,"WRKY,NAC,TALE",0,,3,"WRKY(+3),NAC(+22),TALE(+3)",False,False,192,28
Zm00001eb407680,chr10,8604729,True,135,9,2,"MYB,CPP",1,CPP,1,MYB(+3),True,False,36,14
Zm00001eb413740,chr10,64753637,True,174,25,1,Dof,0,,1,Dof(+6),False,False,50,15
Zm00001eb414970,chr10,73843917,True,94,10,2,"TALE,CAMTA",1,TALE,1,CAMTA(+1),True,False,25,12
Zm00001eb415700,chr10,78959457,True,89,22,1,C2H2,0,,1,C2H2(+3),False,False,17,8
Zm00001eb416110,chr10,81353777,True,77,4,0,,0,,0,,False,False,28,11
Zm00001eb416770,chr10,85117108,True,351,20,5,"Dof,MIKC_MADS,GRAS,C2H2,Trihelix",2,"MIKC_MADS,GRAS",3,"Dof(+4),C2H2(+8),Trihelix(+7)",True,False,147,27
Zm00001eb418090,chr10,92089742,True,365,25,3,"WRKY,WOX,Trihelix",1,WOX,2,"WRKY(+23),Trihelix(+2)",True,False,132,21
Zm00001eb418940,chr10,97534549,True,111,24,2,"TALE,C2H2",1,TALE,1,C2H2(+2),True,False,20,10
Zm00001eb419200,chr10,98908136,True,61,12,2,"ERF,LBD",0,,2,"ERF(+3),LBD(+1)",False,False,29,11
Zm00001eb425180,chr10,128801642,True,115,22,1,CAMTA,1,CAMTA,0,,True,True,50,12
Zm00001eb425580,chr10,129870575,True,87,24,1,SBP,0,,1,SBP(+1),False,False,34,12
Zm00001eb425660,chr10,130088323,True,62,13,2,"Dof,TALE",1,TALE,1,Dof(+1),True,False,15,5
Zm00001eb425960,chr10,131065925,True,179,22,0,,0,,0,,False,False,91,18
Zm00001eb425980,chr10,131196529,True,63,7,5,"SBP,MYB,MIKC_MADS,CPP,M-type_MADS",4,"SBP,MIKC_MADS,CPP,M-type_MADS",1,MYB(+1),True,False,27,10
Zm00001eb427480,chr10,135806526,True,72,22,0,,0,,0,,False,False,6,5
Zm00001eb429910,chr10,142142497,True,282,7,2,"G2-like,MYB",0,,2,"G2-like(+4),MYB(+5)",False,False,61,19
Zm00001eb431330,chr10,145438301,True,183,25,2,"TALE,ERF",0,,2,"TALE(+3),ERF(+18)",False,False,80,17
Zm00001eb000920,chr1,3262750,True,430,24,1,C2H2,0,,1,C2H2(+10),False,False,237,28
Zm00001eb001150,chr1,3789618,True,442,25,0,,0,,0,,False,False,204,22
Zm00001eb001340,chr1,4078949,True,124,19,2,"TALE,ERF",0,,2,"TALE(+3),ERF(+12)",False,False,59,14
Zm00001eb002060,chr1,5896996,True,135,25,2,"LBD,HSF",2,"LBD,HSF",0,,True,True,32,13
Zm00001eb002200,chr1,6246228,True,169,6,2,"C2H2,ARF",0,,2,"C2H2(+2),ARF(+1)",False,False,62,21
Zm00001eb004440,chr1,12270743,True,421,25,4,"G2-like,C2H2,GRAS,MIKC_MADS",0,,4,"G2-like(+10),C2H2(+31),GRAS(+21),MIKC_MADS(+35)",False,False,203,24
Zm00001eb005920,chr1,16845468,True,98,24,3,"bHLH,MYB,ARF",1,ARF,2,"bHLH(+1),MYB(+2)",True,False,25,12
Zm00001eb006410,chr1,17983879,True,167,25,2,"MYB,C2H2",0,,2,"MYB(+14),C2H2(+8)",False,False,112,20
Zm00001eb006880,chr1,19882546,True,372,25,0,,0,,0,,False,False,175,27
Zm00001eb009870,chr1,30883530,True,63,9,3,"bZIP,C2H2,TALE",2,"bZIP,C2H2",1,TALE(+2),True,False,20,9
Zm00001eb010370,chr1,32844672,True,59,17,0,,0,,0,,False,False,10,7
Zm00001eb010730,chr1,34330835,True,1207,1,2,"ERF,TALE",0,,2,"ERF(+158),TALE(+26)",False,False,722,32
Zm00001eb010900,chr1,34878903,True,181,25,1,SBP,1,SBP,0,,True,True,104,16
Zm00001eb011240,chr1,36186619,True,247,25,3,"bHLH,EIL,SBP",1,EIL,2,"bHLH(+5),SBP(+1)",True,False,114,23
Zm00001eb011630,chr1,37980846,True,463,3,3,"HD-ZIP,MYB_related,GATA",0,,3,"HD-ZIP(+7),MYB_related(+13),GATA(+4)",False,False,237,26
Zm00001eb012570,chr1,41377778,True,162,5,2,"WOX,Nin-like",1,WOX,1,Nin-like(+1),True,False,85,16
Zm00001eb012950,chr1,42980657,True,130,2,3,"AP2,MIKC_MADS,Trihelix",1,AP2,2,"MIKC_MADS(+1),Trihelix(+2)",True,False,36,19
Zm00001eb013300,chr1,44344832,True,84,19,3,"Trihelix,MYB,ARF",0,,3,"Trihelix(+3),MYB(+6),ARF(+1)",False,False,39,12
Zm00001eb014600,chr1,48970900,True,153,25,5,"Dof,C2H2,WRKY,MIKC_MADS,CPP",1,MIKC_MADS,4,"Dof(+4),C2H2(+1),WRKY(+1),CPP(+2)",True,False,66,18
Zm00001eb016330,chr1,57058153,True,74,16,3,"B3,NAC,C2H2",1,B3,2,"NAC(+3),C2H2(+6)",True,False,56,10
Zm00001eb016800,chr1,59904185,True,143,17,3,"Nin-like,NAC,CAMTA",3,"Nin-like,NAC,CAMTA",0,,True,True,32,14
Zm00001eb017050,chr1,60926702,True,66,24,1,NAC,0,,1,NAC(+1),False,False,20,7
Zm00001eb019230,chr1,68998584,True,194,25,2,"WRKY,Dof",0,,2,"WRKY(+5),Dof(+9)",False,False,80,21
Zm00001eb019370,chr1,69764971,True,361,25,2,"C2H2,SBP",0,,2,"C2H2(+11),SBP(+15)",False,False,156,27
Zm00001eb019800,chr1,72171126,True,181,20,5,"C2H2,MYB,Nin-like,RAV,ARF",3,"Nin-like,RAV,ARF",2,"C2H2(+1),MYB(+2)",True,False,91,23
Zm00001eb020110,chr1,74030656,True,188,25,2,"Dof,MYB",0,,2,"Dof(+9),MYB(+2)",False,False,100,20
Zm00001eb020690,chr1,77561196,True,159,25,3,"NAC,SBP,CAMTA",1,CAMTA,2,"NAC(+1),SBP(+4)",True,False,81,21
Zm00001eb021800,chr1,83001127,True,60,23,1,NAC,1,NAC,0,,True,True,6,4
Zm00001eb022040,chr1,84277355,True,199,19,3,"G2-like,TCP,RAV",2,"TCP,RAV",1,G2-like(+13),True,False,124,25
Zm00001eb022580,chr1,86777664,True,108,8,4,"MYB,TALE,Nin-like,ERF",1,TALE,3,"MYB(+1),Nin-like(+1),ERF(+13)",True,False,31,9
Zm00001eb022750,chr1,87656463,True,446,25,2,"ERF,TALE",0,,2,"ERF(+8),TALE(+9)",False,False,154,25
Zm00001eb023130,chr1,90313646,True,63,3,3,"SBP,GATA,G2-like",3,"SBP,GATA,G2-like",0,,True,True,13,10
Zm00001eb023220,chr1,91377437,True,60,23,2,"bHLH,TALE",1,bHLH,1,TALE(+1),True,False,17,9
Zm00001eb023350,chr1,92292812,True,353,25,4,"MYB,WRKY,ERF,Trihelix",0,,4,"MYB(+7),WRKY(+1),ERF(+85),Trihelix(+1)",False,False,201,22
Zm00001eb024120,chr1,97701896,True,245,16,0,,0,,0,,False,False,122,21
Zm00001eb025400,chr1,108502297,True,96,20,1,ERF,0,,1,ERF(+17),False,False,68,17
Zm00001eb026550,chr1,122210678,True,449,25,4,"EIL,MYB_related,G2-like,ARR-B",1,MYB_related,3,"EIL(+3),G2-like(+5),ARR-B(+1)",True,False,297,27
Zm00001eb026930,chr1,126913502,True,190,24,1,TCP,1,TCP,0,,True,True,45,20
Zm00001eb030710,chr1,170618556,True,152,14,2,"HD-ZIP,CPP",0,,2,"HD-ZIP(+1),CPP(+2)",False,False,52,14
Zm00001eb031670,chr1,177309045,True,134,1,3,"G2-like,Trihelix,HSF",0,,3,"G2-like(+17),Trihelix(+3),HSF(+2)",False,False,79,15
Zm00001eb032230,chr1,180161163,True,63,23,2,"WRKY,Nin-like",1,Nin-like,1,WRKY(+10),True,False,46,13
Zm00001eb032890,chr1,183958880,True,250,16,2,"ERF,LBD",0,,2,"ERF(+79),LBD(+8)",False,False,176,21
Zm00001eb033050,chr1,184439096,True,379,22,2,"EIL,Trihelix",0,,2,"EIL(+1),Trihelix(+15)",False,False,203,29
Zm00001eb033220,chr1,184907626,True,594,23,3,"ARF,GATA,MIKC_MADS",0,,3,"ARF(+4),GATA(+5),MIKC_MADS(+5)",False,False,281,25
Zm00001eb034990,chr1,192290364,True,515,25,4,"WRKY,Dof,Trihelix,MIKC_MADS",0,,4,"WRKY(+23),Dof(+15),Trihelix(+7),MIKC_MADS(+11)",False,False,255,28
Zm00001eb036550,chr1,198167984,True,480,22,1,G2-like,0,,1,G2-like(+31),False,False,228,28
Zm00001eb036910,chr1,199461418,True,175,22,1,BES1,1,BES1,0,,True,True,115,17
Zm00001eb037210,chr1,200570121,True,139,5,1,ARF,0,,1,ARF(+1),False,False,108,14
Zm00001eb038600,chr1,206116074,True,63,10,1,MYB,0,,1,MYB(+11),False,False,22,7
Zm00001eb038640,chr1,206226148,True,59,25,1,ERF,1,ERF,0,,True,True,9,6
Zm00001eb039610,chr1,209881617,True,145,10,3,"MIKC_MADS,GRAS,C2H2",1,GRAS,2,"MIKC_MADS(+2),C2H2(+1)",True,False,55,17
Zm00001eb039620,chr1,210024968,True,197,21,0,,0,,0,,False,False,95,20
Zm00001eb041750,chr1,219667307,True,161,24,2,"ERF,C2H2",0,,2,"ERF(+8),C2H2(+4)",False,False,78,17
Zm00001eb041880,chr1,220331322,True,58,16,3,"LBD,ERF,TALE",0,,3,"LBD(+5),ERF(+12),TALE(+2)",False,False,38,4
Zm00001eb043310,chr1,228006396,True,156,8,1,ERF,0,,1,ERF(+13),False,False,51,16
Zm00001eb044910,chr1,234060687,True,83,18,0,,0,,0,,False,False,14,7
Zm00001eb044970,chr1,234172152,True,437,16,2,"Trihelix,CPP",0,,2,"Trihelix(+9),CPP(+1)",False,False,320,29
Zm00001eb046750,chr1,241110893,True,82,22,0,,0,,0,,False,False,29,8
Zm00001eb046960,chr1,241539557,True,58,16,2,"C2H2,Trihelix",2,"C2H2,Trihelix",0,,True,True,12,8
Zm00001eb047770,chr1,245361730,True,65,14,5,"HSF,MIKC_MADS,MYB,C2H2,GATA",3,"HSF,MIKC_MADS,MYB",2,"C2H2(+2),GATA(+1)",True,False,19,11
Zm00001eb048390,chr1,248596857,True,104,18,3,"Trihelix,Nin-like,CAMTA",2,"Nin-like,CAMTA",1,Trihelix(+1),True,False,37,17
Zm00001eb048710,chr1,250455723,True,121,5,1,MYB,0,,1,MYB(+5),False,False,36,14
Zm00001eb049880,chr1,254679914,True,114,21,1,Dof,1,Dof,0,,True,True,22,9
Zm00001eb049920,chr1,254745792,True,161,1,8,"C2H2,MYB_related,G2-like,ARR-B,MIKC_MADS,GATA,NAC,GRAS",4,"MYB_related,ARR-B,GATA,NAC",4,"C2H2(+3),G2-like(+9),MIKC_MADS(+1),GRAS(+2)",True,False,83,23
Zm00001eb050350,chr1,256721763,True,123,25,2,"TALE,LBD",2,"TALE,LBD",0,,True,True,34,15
Zm00001eb052110,chr1,263870101,True,119,17,1,TCP,1,TCP,0,,True,True,33,10
Zm00001eb055010,chr1,274494877,True,246,25,0,,0,,0,,False,False,81,17
Zm00001eb055170,chr1,275076946,True,181,25,1,MYB,0,,1,MYB(+2),False,False,75,16
Zm00001eb055620,chr1,276650852,True,144,1,4,"MYB,HD-ZIP,MYB_related,Trihelix",0,,4,"MYB(+6),HD-ZIP(+4),MYB_related(+4),Trihelix(+2)",False,False,90,19
Zm00001eb056030,chr1,278826136,True,62,20,0,,0,,0,,False,False,26,12
Zm00001eb057160,chr1,282764868,True,58,11,2,"TALE,MYB",0,,2,"TALE(+1),MYB(+3)",False,False,17,9
Zm00001eb059970,chr1,292328009,True,109,4,1,TALE,0,,1,TALE(+9),False,False,61,11
Zm00001eb060330,chr1,293484526,True,237,25,3,"C2H2,MYB,ARF",1,ARF,2,"C2H2(+5),MYB(+2)",True,False,72,18
Zm00001eb060410,chr1,293674250,True,144,25,4,"TALE,C2H2,MYB,WRKY",2,"TALE,WRKY",2,"C2H2(+2),MYB(+11)",True,False,44,15
Zm00001eb060730,chr1,294630742,True,283,25,2,"Trihelix,MYB",0,,2,"Trihelix(+3),MYB(+8)",False,False,82,20
Zm00001eb061370,chr1,296607704,True,155,25,1,MYB_related,0,,1,MYB_related(+7),False,False,32,13
Zm00001eb061520,chr1,297171952,True,133,23,2,"Nin-like,ERF",1,Nin-like,1,ERF(+3),True,False,48,16
Zm00001eb061760,chr1,297567154,True,223,25,0,,0,,0,,False,False,64,23
Zm00001eb061820,chr1,297821539,True,269,25,1,NAC,0,,1,NAC(+1),False,False,76,22
Zm00001eb061860,chr1,297954395,True,101,24,2,"HD-ZIP,CPP",1,CPP,1,HD-ZIP(+3),True,False,29,12
Zm00001eb061940,chr1,298119374,True,239,25,2,"C2H2,MYB",0,,2,"C2H2(+8),MYB(+4)",False,False,107,23
Zm00001eb062220,chr1,299161158,True,131,12,1,MYB_related,0,,1,MYB_related(+2),False,False,50,19
Zm00001eb063300,chr1,302187930,True,163,24,3,"bZIP,bHLH,CAMTA",1,CAMTA,2,"bZIP(+1),bHLH(+2)",True,False,84,18
Zm00001eb065000,chr1,306610697,True,206,25,1,LBD,1,LBD,0,,True,True,121,21
Zm00001eb068910,chr2,6413681,True,330,14,0,,0,,0,,False,False,170,24
Zm00001eb071290,chr2,11570568,True,106,22,0,,0,,0,,False,False,31,11
Zm00001eb071360,chr2,11669559,True,189,24,1,Dof,0,,1,Dof(+3),False,False,50,16
Zm00001eb072790,chr2,15238401,True,157,24,0,,0,,0,,False,False,31,15
Zm00001eb073810,chr2,18375896,True,388,17,2,"ARF,Dof",0,,2,"ARF(+8),Dof(+28)",False,False,189,28
Zm00001eb082480,chr2,50978303,True,227,21,3,"bHLH,TALE,CAMTA",0,,3,"bHLH(+15),TALE(+4),CAMTA(+2)",False,False,79,15
Zm00001eb084920,chr2,66222254,True,306,25,5,"MYB,C2H2,CPP,CAMTA,M-type_MADS",2,"CPP,M-type_MADS",3,"MYB(+11),C2H2(+10),CAMTA(+1)",True,False,145,23
Zm00001eb086540,chr2,84666680,True,175,1,5,"Dof,WRKY,Trihelix,CPP,MYB",0,,5,"Dof(+1),WRKY(+1),Trihelix(+4),CPP(+3),MYB(+19)",False,False,96,21
Zm00001eb087050,chr2,91262529,True,343,23,1,Nin-like,1,Nin-like,0,,True,True,91,24
Zm00001eb089390,chr2,115957364,True,228,23,5,"C2H2,TALE,Dof,LBD,MIKC_MADS",0,,5,"C2H2(+8),TALE(+2),Dof(+8),LBD(+2),MIKC_MADS(+6)",False,False,112,23
Zm00001eb090620,chr2,127623788,True,321,24,2,"NAC,HD-ZIP",1,NAC,1,HD-ZIP(+7),True,False,105,21
Zm00001eb090730,chr2,129787929,True,161,21,0,,0,,0,,False,False,55,15
Zm00001eb091250,chr2,134943378,True,158,21,2,"MIKC_MADS,M-type_MADS",0,,2,"MIKC_MADS(+1),M-type_MADS(+1)",False,False,73,17
Zm00001eb091420,chr2,137218069,True,58,16,2,"TALE,ERF",0,,2,"TALE(+1),ERF(+3)",False,False,14,4
Zm00001eb092900,chr2,149291040,True,270,25,0,,0,,0,,False,False,104,23
Zm00001eb093120,chr2,150353833,True,338,25,5,"C2H2,TALE,MIKC_MADS,Dof,GRAS",0,,5,"C2H2(+11),TALE(+1),MIKC_MADS(+14),Dof(+25),GRAS(+4)",False,False,172,24
Zm00001eb094240,chr2,157709917,True,142,25,3,"TCP,ERF,C2H2",1,TCP,2,"ERF(+44),C2H2(+1)",True,False,91,16
Zm00001eb094480,chr2,159164367,True,424,25,4,"HD-ZIP,G2-like,Dof,MYB",0,,4,"HD-ZIP(+1),G2-like(+14),Dof(+12),MYB(+22)",False,False,207,28
Zm00001eb094520,chr2,159636350,True,60,16,7,"C2H2,bZIP,NAC,MIKC_MADS,Dof,GRAS,bHLH",3,"NAC,MIKC_MADS,bHLH",4,"C2H2(+5),bZIP(+3),Dof(+1),GRAS(+2)",True,False,28,10
Zm00001eb094610,chr2,160906572,True,130,16,1,bHLH,0,,1,bHLH(+15),False,False,52,15
Zm00001eb095350,chr2,165512139,True,58,11,5,"bHLH,Trihelix,G2-like,GATA,MYB",1,bHLH,4,"Trihelix(+1),G2-like(+1),GATA(+1),MYB(+3)",True,False,17,8
Zm00001eb097990,chr2,179202379,True,131,25,0,,0,,0,,False,False,37,14
Zm00001eb099240,chr2,184394540,True,177,25,3,"LBD,WRKY,TALE",0,,3,"LBD(+6),WRKY(+8),TALE(+5)",False,False,69,19
Zm00001eb099850,chr2,187908036,True,83,12,3,"G2-like,LBD,ARR-B",3,"G2-like,LBD,ARR-B",0,,True,True,27,10
Zm00001eb099930,chr2,188343833,True,63,17,2,"Dof,GRAS",1,GRAS,1,Dof(+9),True,False,26,10
Zm00001eb100140,chr2,189051241,True,521,25,2,"HD-ZIP,MYB",1,HD-ZIP,1,MYB(+4),True,False,168,25
Zm00001eb101980,chr2,195309375,True,122,25,6,"NAC,Dof,HD-ZIP,GRAS,MIKC_MADS,Trihelix",0,,6,"NAC(+1),Dof(+12),HD-ZIP(+1),GRAS(+2),MIKC_MADS(+6),Trihelix(+2)",False,False,66,14
Zm00001eb102250,chr2,197316674,True,74,14,1,NAC,1,NAC,0,,True,True,13,9
Zm00001eb102770,chr2,199471918,True,182,21,0,,0,,0,,False,False,78,18
Zm00001eb103260,chr2,201176114,True,228,25,1,HD-ZIP,1,HD-ZIP,0,,True,True,113,24
Zm00001eb104260,chr2,203976292,True,696,13,4,"MYB_related,G2-like,ARR-B,CPP",0,,4,"MYB_related(+15),G2-like(+17),ARR-B(+3),CPP(+11)",False,False,266,29
Zm00001eb104300,chr2,204129280,True,233,1,6,"G2-like,Dof,C2H2,MYB_related,GRAS,MIKC_MADS",0,,6,"G2-like(+12),Dof(+7),C2H2(+8),MYB_related(+6),GRAS(+7),MIKC_MADS(+9)",False,False,127,21
Zm00001eb104810,chr2,205427329,True,141,4,3,"Dof,C2H2,GRAS",0,,3,"Dof(+3),C2H2(+2),GRAS(+1)",False,False,46,13
Zm00001eb105590,chr2,208547792,True,122,15,2,"BES1,bHLH",0,,2,"BES1(+3),bHLH(+19)",False,False,76,18
Zm00001eb105750,chr2,208963532,True,59,21,2,"MYB,bHLH",2,"MYB,bHLH",0,,True,True,10,6
Zm00001eb106100,chr2,210156220,True,233,25,0,,0,,0,,False,False,80,21
Zm00001eb106160,chr2,210259382,True,328,25,2,"HD-ZIP,GATA",0,,2,"HD-ZIP(+1),GATA(+3)",False,False,134,20
Zm00001eb106240,chr2,210450109,True,62,1,4,"MYB_related,Dof,ARR-B,CPP",1,ARR-B,3,"MYB_related(+1),Dof(+5),CPP(+1)",True,False,24,9
Zm00001eb106250,chr2,210507799,True,129,10,1,Trihelix,1,Trihelix,0,,True,True,29,14
Zm00001eb107400,chr2,213303119,True,66,19,6,"LBD,Dof,TALE,C2H2,MIKC_MADS,GRAS",3,"LBD,MIKC_MADS,GRAS",3,"Dof(+6),TALE(+1),C2H2(+2)",True,False,35,8
Zm00001eb108390,chr2,216082865,True,237,25,1,MYB,0,,1,MYB(+3),False,False,91,22
Zm00001eb109520,chr2,218577186,True,60,24,1,ERF,0,,1,ERF(+14),False,False,24,4
Zm00001eb109710,chr2,219207006,True,142,24,0,,0,,0,,False,False,51,9
Zm00001eb109770,chr2,219308618,True,177,25,3,"TALE,MYB_related,GRAS",2,"TALE,MYB_related",1,GRAS(+1),True,False,34,17
Zm00001eb110020,chr2,219948998,True,252,6,1,MIKC_MADS,0,,1,MIKC_MADS(+1),False,False,109,26
Zm00001eb110760,chr2,221893832,True,581,3,3,"G2-like,GRAS,MYB",0,,3,"G2-like(+6),GRAS(+19),MYB(+30)",False,False,311,31
Zm00001eb112590,chr2,227252089,True,131,20,1,C2H2,0,,1,C2H2(+14),False,False,74,18
Zm00001eb113090,chr2,229264642,True,185,25,4,"Dof,WRKY,MIKC_MADS,LBD",1,WRKY,3,"Dof(+3),MIKC_MADS(+1),LBD(+6)",True,False,72,18
Zm00001eb113950,chr2,231733039,True,126,22,4,"MYB_related,G2-like,MYB,ARR-B",2,"MYB_related,ARR-B",2,"G2-like(+1),MYB(+4)",True,False,38,16
Zm00001eb114030,chr2,231974874,True,92,12,5,"NAC,MIKC_MADS,Dof,SBP,AP2",4,"NAC,MIKC_MADS,SBP,AP2",1,Dof(+5),True,False,59,19
Zm00001eb117470,chr2,240761302,True,222,25,3,"bHLH,bZIP,MIKC_MADS",2,"bHLH,bZIP",1,MIKC_MADS(+12),True,False,121,21
Zm00001eb117970,chr2,241868493,True,301,25,3,"WRKY,WOX,TALE",0,,3,"WRKY(+2),WOX(+4),TALE(+3)",False,False,143,24
Zm00001eb118790,chr3,1394090,True,172,25,5,"MYB_related,EIL,WOX,HD-ZIP,MYB",2,"MYB_related,EIL",3,"WOX(+5),HD-ZIP(+3),MYB(+2)",True,False,80,20
Zm00001eb119270,chr3,2105164,True,164,16,2,"Dof,GRAS",0,,2,"Dof(+25),GRAS(+7)",False,False,94,15
Zm00001eb120360,chr3,4403930,True,131,25,0,,0,,0,,False,False,84,11
Zm00001eb121000,chr3,5797323,True,90,18,0,,0,,0,,False,False,73,10
Zm00001eb121590,chr3,8139290,True,351,23,2,"SBP,AP2",1,AP2,1,SBP(+11),True,False,158,23
Zm00001eb121890,chr3,8816775,True,97,18,2,"NAC,SBP",0,,2,"NAC(+5),SBP(+7)",False,False,67,16
Zm00001eb122000,chr3,8920662,True,100,3,0,,0,,0,,False,False,29,15
Zm00001eb122170,chr3,9277928,True,136,25,2,"bZIP,WOX",2,"bZIP,WOX",0,,True,True,97,15
Zm00001eb122200,chr3,9385012,True,260,25,0,,0,,0,,False,False,78,18
Zm00001eb122460,chr3,10164283,True,119,23,2,"MIKC_MADS,GRAS",0,,2,"MIKC_MADS(+14),GRAS(+13)",False,False,90,16
Zm00001eb122970,chr3,12504511,True,88,25,3,"NAC,C2H2,bZIP",3,"NAC,C2H2,bZIP",0,,True,True,15,8
Zm00001eb123370,chr3,13885162,True,309,25,2,"GATA,Nin-like",1,Nin-like,1,GATA(+1),True,False,129,21
Zm00001eb124070,chr3,16582531,True,381,24,0,,0,,0,,False,False,146,22
Zm00001eb124780,chr3,19793856,True,129,25,1,WRKY,0,,1,WRKY(+18),False,False,44,11
Zm00001eb125470,chr3,23440020,True,65,17,5,"MYB,TALE,bZIP,RAV,ARF",4,"MYB,TALE,RAV,ARF",1,bZIP(+7),True,False,40,8
Zm00001eb125670,chr3,24544548,True,64,18,2,"HD-ZIP,WOX",1,WOX,1,HD-ZIP(+1),True,False,28,13
Zm00001eb126330,chr3,28739489,True,321,25,1,MYB,0,,1,MYB(+8),False,False,69,19
Zm00001eb126650,chr3,30093262,True,120,16,2,"RAV,NAC",1,RAV,1,NAC(+1),True,False,64,17
Zm00001eb127860,chr3,37290665,True,484,25,5,"C2H2,Trihelix,Dof,GRAS,MIKC_MADS",0,,5,"C2H2(+12),Trihelix(+7),Dof(+26),GRAS(+2),MIKC_MADS(+8)",False,False,205,27
Zm00001eb129370,chr3,48267116,True,432,2,2,"C2H2,ERF",0,,2,"C2H2(+26),ERF(+21)",False,False,208,25
Zm00001eb129580,chr3,49482162,True,109,22,2,"C2H2,ERF",0,,2,"C2H2(+1),ERF(+6)",False,False,26,10
Zm00001eb131690,chr3,68382243,True,194,24,3,"TALE,TCP,GATA",0,,3,"TALE(+3),TCP(+5),GATA(+5)",False,False,113,22
Zm00001eb131860,chr3,70286034,True,152,25,4,"EIL,WOX,CPP,M-type_MADS",2,"EIL,CPP",2,"WOX(+2),M-type_MADS(+2)",True,False,49,19
Zm00001eb134200,chr3,107858865,True,770,24,2,"Dof,EIL",0,,2,"Dof(+22),EIL(+2)",False,False,341,32
Zm00001eb135710,chr3,120935326,True,87,16,0,,0,,0,,False,False,37,15
Zm00001eb136350,chr3,127174606,True,599,21,3,"MYB_related,MYB,Trihelix",0,,3,"MYB_related(+9),MYB(+31),Trihelix(+7)",False,False,239,30
Zm00001eb137500,chr3,133837428,True,150,23,4,"HD-ZIP,LBD,ERF,MYB",3,"LBD,ERF,MYB",1,HD-ZIP(+4),True,False,45,16
Zm00001eb138290,chr3,137811367,True,581,25,6,"MYB_related,Trihelix,G2-like,YABBY,MYB,ARR-B",1,YABBY,5,"MYB_related(+18),Trihelix(+5),G2-like(+16),MYB(+22),ARR-B(+1)",True,False,298,28
Zm00001eb138300,chr3,137930351,True,85,22,0,,0,,0,,False,False,28,8
Zm00001eb139410,chr3,144023725,True,512,25,2,"EIL,SBP",0,,2,"EIL(+3),SBP(+22)",False,False,349,28
Zm00001eb139520,chr3,144772101,True,201,25,4,"C2H2,GRAS,Trihelix,MIKC_MADS",0,,4,"C2H2(+9),GRAS(+10),Trihelix(+1),MIKC_MADS(+14)",False,False,99,21
Zm00001eb139660,chr3,145520648,True,111,25,3,"ERF,SBP,MYB",1,SBP,2,"ERF(+10),MYB(+14)",True,False,77,17
Zm00001eb139920,chr3,147103568,True,407,25,3,"C2H2,MYB_related,Trihelix",0,,3,"C2H2(+25),MYB_related(+5),Trihelix(+1)",False,False,299,26
Zm00001eb140330,chr3,148503239,True,66,3,1,G2-like,1,G2-like,0,,True,True,18,10
Zm00001eb140420,chr3,148810719,True,97,22,4,"MYB_related,MYB,C2H2,ARF",2,"MYB_related,ARF",2,"MYB(+1),C2H2(+2)",True,False,26,9
Zm00001eb140720,chr3,150304881,True,297,25,3,"ERF,ARF,LBD",0,,3,"ERF(+17),ARF(+6),LBD(+6)",False,False,129,24
Zm00001eb142940,chr3,160577721,True,59,17,2,"TALE,GATA",0,,2,"TALE(+1),GATA(+2)",False,False,9,3
Zm00001eb143140,chr3,161861731,True,59,25,1,G2-like,1,G2-like,0,,True,True,4,3
Zm00001eb143370,chr3,163555665,True,63,9,2,"G2-like,NAC",2,"G2-like,NAC",0,,True,True,17,10
Zm00001eb143460,chr3,163930045,True,449,22,4,"ERF,C2H2,NAC,TALE",0,,4,"ERF(+106),C2H2(+8),NAC(+6),TALE(+11)",False,False,255,23
Zm00001eb144360,chr3,170915078,True,274,24,1,ERF,0,,1,ERF(+41),False,False,147,22
Zm00001eb144450,chr3,171120618,True,59,1,7,"NAC,Dof,C2H2,MIKC_MADS,LBD,GRAS,BBR-BPC",2,"NAC,BBR-BPC",5,"Dof(+5),C2H2(+7),MIKC_MADS(+10),LBD(+1),GRAS(+4)",True,False,62,9
Zm00001eb144650,chr3,172182737,True,145,25,1,bHLH,0,,1,bHLH(+26),False,False,141,20
Zm00001eb144840,chr3,172976940,True,148,3,5,"WRKY,Trihelix,MYB,MYB_related,MIKC_MADS",1,WRKY,4,"Trihelix(+1),MYB(+8),MYB_related(+2),MIKC_MADS(+3)",True,False,46,14
Zm00001eb145100,chr3,173688086,True,183,25,7,"EIL,C2H2,MYB_related,MIKC_MADS,G2-like,ARR-B,GRAS",0,,7,"EIL(+1),C2H2(+5),MYB_related(+6),MIKC_MADS(+3),G2-like(+5),ARR-B(+5),GRAS(+2)",False,False,80,18
Zm00001eb147750,chr3,183850314,True,477,25,1,B3,0,,1,B3(+3),False,False,176,28
Zm00001eb148130,chr3,185093979,True,63,6,3,"MYB_related,G2-like,MIKC_MADS",3,"MYB_related,G2-like,MIKC_MADS",0,,True,True,13,11
Zm00001eb148640,chr3,186809419,True,74,16,0,,0,,0,,False,False,19,7
Zm00001eb148780,chr3,187164382,True,135,24,1,ERF,0,,1,ERF(+39),False,False,92,17
Zm00001eb149700,chr3,190837124,True,82,6,0,,0,,0,,False,False,15,8
Zm00001eb149900,chr3,191468075,True,91,17,4,"NAC,bZIP,bHLH,LBD",3,"NAC,bZIP,LBD",1,bHLH(+9),True,False,34,13
Zm00001eb150550,chr3,192787595,True,68,3,0,,0,,0,,False,False,47,10
Zm00001eb150960,chr3,194401490,True,214,16,0,,0,,0,,False,False,68,26
Zm00001eb152080,chr3,199104117,True,292,22,4,"MIKC_MADS,GRAS,CPP,M-type_MADS",2,"CPP,M-type_MADS",2,"MIKC_MADS(+7),GRAS(+7)",True,False,122,23
Zm00001eb153500,chr3,203944342,True,118,21,2,"Trihelix,CPP",2,"Trihelix,CPP",0,,True,True,35,13
Zm00001eb153830,chr3,205007922,True,158,1,2,"Dof,MYB",1,Dof,1,MYB(+6),True,False,62,13
Zm00001eb155350,chr3,209926939,True,302,23,1,ERF,0,,1,ERF(+20),False,False,202,23
Zm00001eb156460,chr3,213069872,True,259,25,3,"SBP,Dof,AP2",1,AP2,2,"SBP(+1),Dof(+16)",True,False,118,25
Zm00001eb156500,chr3,213192022,True,164,25,0,,0,,0,,False,False,54,15
Zm00001eb156710,chr3,214206618,True,295,25,3,"NAC,Trihelix,WOX",0,,3,"NAC(+3),Trihelix(+5),WOX(+2)",False,False,144,22
Zm00001eb157820,chr3,217637108,True,118,17,1,CPP,1,CPP,0,,True,True,31,15
Zm00001eb158370,chr3,219845503,True,136,1,1,MYB_related,1,MYB_related,0,,True,True,79,15
Zm00001eb158500,chr3,220152206,True,127,19,0,,0,,0,,False,False,27,10
Zm00001eb159080,chr3,221941447,True,376,25,5,"TALE,EIL,ERF,GRAS,MIKC_MADS",0,,5,"TALE(+3),EIL(+1),ERF(+8),GRAS(+4),MIKC_MADS(+18)",False,False,159,24
Zm00001eb162130,chr3,231271693,True,127,23,0,,0,,0,,False,False,101,17
Zm00001eb162710,chr3,233212650,True,236,25,5,"C2H2,TALE,MIKC_MADS,GRAS,Dof",0,,5,"C2H2(+6),TALE(+1),MIKC_MADS(+3),GRAS(+4),Dof(+6)",False,False,116,24
Zm00001eb163100,chr3,234870111,True,147,25,2,"NAC,SBP",1,NAC,1,SBP(+1),True,False,49,15
Zm00001eb163210,chr3,235166050,True,265,25,2,"Trihelix,MYB",1,Trihelix,1,MYB(+2),True,False,89,22
Zm00001eb163480,chr3,235713991,True,304,2,0,,0,,0,,False,False,177,22
Zm00001eb163710,chr3,236259214,True,152,4,2,"MIKC_MADS,Trihelix",0,,2,"MIKC_MADS(+2),Trihelix(+2)",False,False,56,12
Zm00001eb163800,chr3,236418050,True,260,25,5,"ERF,TALE,NAC,SBP,LBD",1,NAC,4,"ERF(+24),TALE(+4),SBP(+1),LBD(+1)",True,False,121,19
Zm00001eb164790,chr4,2047841,True,693,11,0,,0,,0,,False,False,317,29
Zm00001eb169350,chr4,18974773,True,278,20,4,"bHLH,bZIP,BES1,CAMTA",3,"bHLH,BES1,CAMTA",1,bZIP(+2),True,False,127,23
Zm00001eb169970,chr4,22255547,True,76,6,0,,0,,0,,False,False,18,10
Zm00001eb169990,chr4,22444656,True,260,19,1,HD-ZIP,0,,1,HD-ZIP(+16),False,False,116,23
Zm00001eb171030,chr4,28342592,True,158,1,2,"bHLH,B3",2,"bHLH,B3",0,,True,True,59,19
Zm00001eb172070,chr4,32604294,True,114,25,2,"TALE,RAV",1,RAV,1,TALE(+4),True,False,43,16
Zm00001eb172450,chr4,34451809,True,355,11,1,Dof,0,,1,Dof(+4),False,False,95,21
Zm00001eb172780,chr4,35993232,True,118,16,4,"ERF,C2H2,MYB,ARF",0,,4,"ERF(+1),C2H2(+4),MYB(+1),ARF(+1)",False,False,43,13
Zm00001eb172970,chr4,37192386,True,124,24,2,"C2H2,MYB_related",1,MYB_related,1,C2H2(+1),True,False,49,12
Zm00001eb173500,chr4,39120195,True,505,25,0,,0,,0,,False,False,165,29
Zm00001eb174710,chr4,44170160,True,493,14,0,,0,,0,,False,False,204,28
Zm00001eb175230,chr4,47116254,True,61,5,5,"Dof,WOX,MIKC_MADS,G2-like,M-type_MADS",4,"Dof,WOX,MIKC_MADS,M-type_MADS",1,G2-like(+1),True,False,22,10
Zm00001eb176590,chr4,59440786,True,162,25,2,"TALE,NAC",1,NAC,1,TALE(+3),True,False,59,12
Zm00001eb177830,chr4,70420623,True,61,21,6,"Nin-like,ERF,MYB,B3,GRAS,ARF",4,"Nin-like,ERF,MYB,ARF",2,"B3(+2),GRAS(+1)",True,False,35,14
Zm00001eb178280,chr4,74114150,True,151,17,2,"MYB,SBP",1,SBP,1,MYB(+9),True,False,76,16
Zm00001eb179290,chr4,83096032,True,419,25,0,,0,,0,,False,False,141,25
Zm00001eb179750,chr4,86785717,True,160,2,1,ERF,0,,1,ERF(+38),False,False,100,17
Zm00001eb182260,chr4,123536641,True,147,24,4,"ERF,EIL,C2H2,MYB",1,EIL,3,"ERF(+35),C2H2(+8),MYB(+3)",True,False,77,11
Zm00001eb185040,chr4,147044205,True,195,25,0,,0,,0,,False,False,89,21
Zm00001eb186120,chr4,154507836,True,199,25,2,"MYB,Trihelix",0,,2,"MYB(+23),Trihelix(+1)",False,False,129,18
Zm00001eb186820,chr4,158778172,True,118,25,0,,0,,0,,False,False,8,7
Zm00001eb187670,chr4,162371023,True,110,3,2,"Trihelix,G2-like",0,,2,"Trihelix(+2),G2-like(+1)",False,False,49,18
Zm00001eb187800,chr4,162955738,True,78,5,2,"ERF,NAC",1,ERF,1,NAC(+1),True,False,27,13
Zm00001eb188700,chr4,166534010,True,334,24,6,"Dof,C2H2,MIKC_MADS,GRAS,Trihelix,M-type_MADS",2,"GRAS,M-type_MADS",4,"Dof(+11),C2H2(+5),MIKC_MADS(+1),Trihelix(+6)",True,False,130,26
Zm00001eb191380,chr4,176530292,True,225,22,6,"ERF,MYB_related,C2H2,MYB,TALE,bZIP",1,ERF,5,"MYB_related(+3),C2H2(+13),MYB(+12),TALE(+1),bZIP(+1)",True,False,81,20
Zm00001eb192150,chr4,178453918,True,103,2,1,C2H2,0,,1,C2H2(+7),False,False,34,16
Zm00001eb193640,chr4,183560529,True,409,4,1,ERF,0,,1,ERF(+21),False,False,188,23
Zm00001eb195000,chr4,188805546,True,151,25,0,,0,,0,,False,False,84,20
Zm00001eb196380,chr4,192353067,True,159,22,3,"HD-ZIP,WOX,CPP",2,"HD-ZIP,WOX",1,CPP(+1),True,False,53,18
Zm00001eb196600,chr4,193101732,True,445,12,2,"GATA,MYB",0,,2,"GATA(+9),MYB(+10)",False,False,203,27
Zm00001eb198110,chr4,198955435,True,81,25,1,ARF,1,ARF,0,,True,True,22,6
Zm00001eb198120,chr4,198983254,True,120,13,2,"TCP,MYB_related",0,,2,"TCP(+7),MYB_related(+2)",False,False,29,12
Zm00001eb199940,chr4,205877979,True,85,2,2,"WRKY,Trihelix",2,"WRKY,Trihelix",0,,True,True,27,12
Zm00001eb200140,chr4,207015716,True,58,22,0,,0,,0,,False,False,10,7
Zm00001eb200440,chr4,207892864,True,280,25,2,"HD-ZIP,CAMTA",1,HD-ZIP,1,CAMTA(+1),True,False,111,19
Zm00001eb200590,chr4,208625246,True,101,23,0,,0,,0,,False,False,21,10
Zm00001eb201090,chr4,212104110,True,334,25,5,"C2H2,Dof,GRAS,MIKC_MADS,ARF",0,,5,"C2H2(+23),Dof(+22),GRAS(+12),MIKC_MADS(+31),ARF(+4)",False,False,176,25
Zm00001eb201100,chr4,212273966,True,134,5,2,"MYB,C2H2",0,,2,"MYB(+2),C2H2(+2)",False,False,29,15
Zm00001eb202020,chr4,218320182,True,204,25,3,"WOX,HD-ZIP,GATA",2,"WOX,GATA",1,HD-ZIP(+2),True,False,104,20
Zm00001eb202030,chr4,218406423,True,100,4,3,"NAC,WOX,HD-ZIP",2,"NAC,HD-ZIP",1,WOX(+1),True,False,30,12
Zm00001eb203240,chr4,226807901,True,132,1,3,"G2-like,LBD,ARR-B",3,"G2-like,LBD,ARR-B",0,,True,True,45,15
Zm00001eb204030,chr4,231395241,True,221,2,1,CPP,0,,1,CPP(+15),False,False,77,22
Zm00001eb206750,chr4,243744385,True,412,24,2,"ERF,MYB",0,,2,"ERF(+32),MYB(+10)",False,False,176,27
Zm00001eb206800,chr4,243828411,True,153,24,3,"EIL,ARF,WOX",1,WOX,2,"EIL(+2),ARF(+1)",True,False,44,12
Zm00001eb207920,chr4,245967276,True,300,25,3,"ERF,LBD,NAC",0,,3,"ERF(+24),LBD(+6),NAC(+3)",False,False,112,16
Zm00001eb208430,chr4,246974498,True,86,24,5,"C2H2,TALE,Dof,GRAS,MIKC_MADS",1,MIKC_MADS,4,"C2H2(+2),TALE(+2),Dof(+2),GRAS(+1)",True,False,22,11
Zm00001eb208710,chr4,247481976,True,176,20,4,"C2H2,MIKC_MADS,CPP,M-type_MADS",2,"MIKC_MADS,CPP",2,"C2H2(+4),M-type_MADS(+1)",True,False,64,17
Zm00001eb209380,chr4,248497085,True,160,1,0,,0,,0,,False,False,55,19
Zm00001eb211620,chr5,2582951,True,69,25,2,"TCP,Trihelix",0,,2,"TCP(+6),Trihelix(+2)",False,False,30,8
Zm00001eb211740,chr5,2679905,True,702,19,6,"MYB_related,bZIP,G2-like,YABBY,SBP,ARR-B",0,,6,"MYB_related(+3),bZIP(+17),G2-like(+13),YABBY(+1),SBP(+34),ARR-B(+2)",False,False,343,29
Zm00001eb211780,chr5,2722689,True,285,24,2,"EIL,WOX",0,,2,"EIL(+3),WOX(+3)",False,False,84,19
Zm00001eb212520,chr5,3799865,True,117,7,3,"NAC,C2H2,AP2",2,"NAC,AP2",1,C2H2(+5),True,False,43,17
Zm00001eb212610,chr5,3929566,True,117,18,3,"G2-like,CPP,MIKC_MADS",1,G2-like,2,"CPP(+1),MIKC_MADS(+2)",True,False,38,15
Zm00001eb212810,chr5,4304943,True,132,24,1,ARF,0,,1,ARF(+2),False,False,53,11
Zm00001eb212940,chr5,4539678,True,678,6,3,"C2H2,MYB,bHLH",0,,3,"C2H2(+29),MYB(+38),bHLH(+29)",False,False,340,28
Zm00001eb214080,chr5,6342999,True,174,21,3,"HD-ZIP,MIKC_MADS,M-type_MADS",2,"HD-ZIP,MIKC_MADS",1,M-type_MADS(+1),True,False,31,14
Zm00001eb215480,chr5,9017699,True,125,2,1,MYB,0,,1,MYB(+1),False,False,25,13
Zm00001eb215680,chr5,9899872,True,211,23,1,ERF,0,,1,ERF(+7),False,False,142,21
Zm00001eb215710,chr5,10003009,True,561,25,4,"MYB,TCP,MIKC_MADS,M-type_MADS",0,,4,"MYB(+20),TCP(+20),MIKC_MADS(+4),M-type_MADS(+5)",False,False,282,28
Zm00001eb215780,chr5,10159988,True,292,2,5,"bZIP,TALE,MIKC_MADS,C2H2,GRAS",0,,5,"bZIP(+2),TALE(+1),MIKC_MADS(+3),C2H2(+10),GRAS(+1)",False,False,96,23
Zm00001eb216000,chr5,10575019,True,279,25,4,"G2-like,MYB_related,ERF,ARR-B",2,"G2-like,ARR-B",2,"MYB_related(+1),ERF(+59)",True,False,136,21
Zm00001eb217010,chr5,13128960,True,225,13,3,"C2H2,Trihelix,MYB",0,,3,"C2H2(+12),Trihelix(+5),MYB(+3)",False,False,70,17
Zm00001eb217390,chr5,14254464,True,86,6,1,ERF,0,,1,ERF(+6),False,False,21,11
Zm00001eb217560,chr5,14614921,True,438,5,2,"MYB_related,Trihelix",0,,2,"MYB_related(+20),Trihelix(+2)",False,False,161,23
Zm00001eb219040,chr5,19107568,True,234,25,1,LBD,1,LBD,0,,True,True,76,19
Zm00001eb219210,chr5,19510487,True,245,23,5,"TALE,BBR-BPC,GRAS,MIKC_MADS,ARF",0,,5,"TALE(+7),BBR-BPC(+3),GRAS(+8),MIKC_MADS(+4),ARF(+1)",False,False,129,22
Zm00001eb219710,chr5,21032251,True,138,25,1,MYB_related,1,MYB_related,0,,True,True,30,14
Zm00001eb222310,chr5,32352203,True,125,7,2,"Nin-like,M-type_MADS",2,"Nin-like,M-type_MADS",0,,True,True,34,15
Zm00001eb225790,chr5,51768174,True,189,25,5,"HD-ZIP,Trihelix,C2H2,MYB,G2-like",0,,5,"HD-ZIP(+1),Trihelix(+2),C2H2(+4),MYB(+15),G2-like(+5)",False,False,70,15
Zm00001eb227020,chr5,58804250,True,81,14,2,"C2H2,TALE",1,TALE,1,C2H2(+3),True,False,20,10
Zm00001eb227200,chr5,59946133,True,273,20,1,TCP,0,,1,TCP(+7),False,False,76,17
Zm00001eb227240,chr5,60016925,True,233,24,0,,0,,0,,False,False,56,13
Zm00001eb227310,chr5,60347328,True,111,1,2,"ARF,GRAS",1,ARF,1,GRAS(+6),True,False,45,16
Zm00001eb227330,chr5,60404792,True,110,12,3,"Trihelix,C2H2,MYB",0,,3,"Trihelix(+1),C2H2(+1),MYB(+2)",False,False,34,13
Zm00001eb227400,chr5,60874715,True,521,25,1,WOX,0,,1,WOX(+8),False,False,204,28
Zm00001eb227670,chr5,61446348,True,59,22,1,NAC,1,NAC,0,,True,True,29,8
Zm00001eb228090,chr5,63257241,True,142,11,0,,0,,0,,False,False,37,15
Zm00001eb228160,chr5,63491996,True,63,13,2,"ERF,LBD",1,LBD,1,ERF(+1),True,False,24,6
Zm00001eb232710,chr5,84480191,True,130,17,3,"C2H2,GRAS,M-type_MADS",3,"C2H2,GRAS,M-type_MADS",0,,True,True,36,15
Zm00001eb233730,chr5,91349547,True,341,1,6,"C2H2,ERF,TALE,LBD,MIKC_MADS,GRAS",0,,6,"C2H2(+16),ERF(+18),TALE(+4),LBD(+7),MIKC_MADS(+7),GRAS(+5)",False,False,115,18
Zm00001eb234620,chr5,100436856,True,104,6,3,"TCP,LBD,MIKC_MADS",2,"LBD,MIKC_MADS",1,TCP(+2),True,False,37,11
Zm00001eb237500,chr5,138337529,True,242,25,2,"NAC,SBP",0,,2,"NAC(+6),SBP(+5)",False,False,100,22
Zm00001eb238620,chr5,147071399,True,287,6,0,,0,,0,,False,False,130,25
Zm00001eb238670,chr5,147580358,True,155,2,1,CPP,0,,1,CPP(+1),False,False,75,19
Zm00001eb240160,chr5,159177486,True,502,25,2,"MYB_related,MIKC_MADS",0,,2,"MYB_related(+14),MIKC_MADS(+23)",False,False,255,30
Zm00001eb240750,chr5,162417985,True,256,22,5,"MYB_related,HD-ZIP,WOX,YABBY,GATA",1,YABBY,4,"MYB_related(+8),HD-ZIP(+1),WOX(+1),GATA(+7)",True,False,107,26
Zm00001eb241400,chr5,165941716,True,258,25,3,"ERF,C2H2,MYB",0,,3,"ERF(+35),C2H2(+7),MYB(+8)",False,False,111,25
Zm00001eb241780,chr5,167200610,True,188,5,4,"TALE,Dof,MIKC_MADS,LBD",0,,4,"TALE(+1),Dof(+8),MIKC_MADS(+1),LBD(+1)",False,False,81,16
Zm00001eb243970,chr5,177500754,True,64,24,1,MYB_related,1,MYB_related,0,,True,True,17,5
Zm00001eb244930,chr5,179748634,True,264,25,3,"WOX,HD-ZIP,YABBY",3,"WOX,HD-ZIP,YABBY",0,,True,True,170,24
Zm00001eb245410,chr5,181666853,True,108,6,0,,0,,0,,False,False,34,10
Zm00001eb245840,chr5,183345807,True,157,21,1,C2H2,0,,1,C2H2(+2),False,False,61,20
Zm00001eb246360,chr5,185128518,True,128,1,4,"MYB_related,HD-ZIP,TCP,M-type_MADS",1,M-type_MADS,3,"MYB_related(+1),HD-ZIP(+8),TCP(+7)",True,False,51,18
Zm00001eb246440,chr5,185610092,True,210,23,2,"MYB_related,CPP",0,,2,"MYB_related(+4),CPP(+7)",False,False,124,23
Zm00001eb246590,chr5,185969286,True,360,11,3,"G2-like,LBD,NAC",0,,3,"G2-like(+5),LBD(+4),NAC(+8)",False,False,188,20
Zm00001eb246850,chr5,187363173,True,272,1,2,"ERF,TALE",0,,2,"ERF(+23),TALE(+9)",False,False,89,20
Zm00001eb247540,chr5,190042182,True,116,22,2,"EIL,Trihelix",2,"EIL,Trihelix",0,,True,True,22,15
Zm00001eb248290,chr5,192527539,True,403,6,3,"ERF,LBD,MYB",1,LBD,2,"ERF(+23),MYB(+8)",True,False,156,25
Zm00001eb248350,chr5,192696772,True,133,25,0,,0,,0,,False,False,53,19
Zm00001eb248530,chr5,192898521,True,60,25,1,Nin-like,1,Nin-like,0,,True,True,8,5
Zm00001eb248620,chr5,193107259,True,60,24,1,ERF,0,,1,ERF(+18),False,False,32,5
Zm00001eb250370,chr5,199009303,True,372,12,5,"ERF,NAC,SBP,G2-like,ARR-B",0,,5,"ERF(+3),NAC(+10),SBP(+13),G2-like(+7),ARR-B(+2)",False,False,173,24
Zm00001eb250610,chr5,204023118,True,90,11,4,"bZIP,C2H2,NAC,ARF",1,bZIP,3,"C2H2(+2),NAC(+3),ARF(+3)",True,False,38,13
Zm00001eb251070,chr5,205962090,True,159,22,5,"C2H2,MYB_related,MYB,GRAS,ARF",2,"GRAS,ARF",3,"C2H2(+6),MYB_related(+3),MYB(+4)",True,False,71,17
Zm00001eb251900,chr5,208499872,True,64,21,3,"Nin-like,G2-like,ERF",2,"Nin-like,G2-like",1,ERF(+2),True,False,17,9
Zm00001eb252160,chr5,209205811,True,273,22,4,"Trihelix,HD-ZIP,CPP,WOX",1,CPP,3,"Trihelix(+1),HD-ZIP(+2),WOX(+4)",True,False,141,25
Zm00001eb252250,chr5,209563666,True,364,11,4,"Dof,C2H2,GRAS,MIKC_MADS",0,,4,"Dof(+25),C2H2(+27),GRAS(+14),MIKC_MADS(+22)",False,False,202,27
Zm00001eb252380,chr5,209976915,True,88,2,0,,0,,0,,False,False,28,9
Zm00001eb252460,chr5,210135106,True,418,25,4,"NAC,C2H2,ERF,LBD",0,,4,"NAC(+2),C2H2(+13),ERF(+22),LBD(+1)",False,False,195,28
Zm00001eb252640,chr5,210672360,True,58,5,3,"HD-ZIP,MIKC_MADS,CPP",0,,3,"HD-ZIP(+5),MIKC_MADS(+1),CPP(+1)",False,False,33,10
Zm00001eb253150,chr5,212216401,True,240,21,1,TCP,0,,1,TCP(+4),False,False,82,19
Zm00001eb253690,chr5,213145580,True,77,23,2,"TCP,ERF",0,,2,"TCP(+4),ERF(+4)",False,False,24,7
Zm00001eb254940,chr5,216053809,True,334,15,0,,0,,0,,False,False,118,26
Zm00001eb255980,chr5,218429727,True,73,25,3,"TCP,NAC,TALE",0,,3,"TCP(+9),NAC(+4),TALE(+5)",False,False,44,9
Zm00001eb256460,chr5,219599710,True,125,8,0,,0,,0,,False,False,42,15
Zm00001eb257810,chr5,222003901,True,67,17,0,,0,,0,,False,False,35,7
Zm00001eb258090,chr5,222551203,True,99,7,4,"ARF,Nin-like,NAC,C2H2",3,"ARF,NAC,C2H2",1,Nin-like(+1),True,False,40,16
Zm00001eb258170,chr5,222744777,True,175,25,2,"ERF,YABBY",1,YABBY,1,ERF(+2),True,False,43,14
Zm00001eb258890,chr5,224090715,True,496,25,0,,0,,0,,False,False,361,26
Zm00001eb258970,chr5,224227778,True,64,20,0,,0,,0,,False,False,3,2
Zm00001eb259070,chr5,224374169,True,113,15,3,"TALE,C2H2,GRAS",1,TALE,2,"C2H2(+9),GRAS(+4)",True,False,48,14
Zm00001eb260350,chr6,7501354,True,190,25,0,,0,,0,,False,False,79,24
Zm00001eb260480,chr6,8188344,True,149,4,0,,0,,0,,False,False,42,14
Zm00001eb260970,chr6,10181290,True,118,6,3,"Trihelix,HD-ZIP,MYB",0,,3,"Trihelix(+3),HD-ZIP(+3),MYB(+6)",False,False,51,18
Zm00001eb264550,chr6,29131841,True,183,25,3,"MYB,MYB_related,Trihelix",0,,3,"MYB(+7),MYB_related(+3),Trihelix(+3)",False,False,88,21
Zm00001eb265520,chr6,36004831,True,174,25,3,"NAC,MYB,M-type_MADS",1,NAC,2,"MYB(+1),M-type_MADS(+1)",True,False,88,18
Zm00001eb266600,chr6,44084585,True,142,25,3,"bHLH,BES1,ARF",1,BES1,2,"bHLH(+31),ARF(+1)",True,False,84,20
Zm00001eb266620,chr6,44126781,True,61,25,3,"bZIP,Nin-like,ERF",3,"bZIP,Nin-like,ERF",0,,True,True,19,8
Zm00001eb268420,chr6,64425664,True,647,18,0,,0,,0,,False,False,353,27
Zm00001eb269400,chr6,71846402,True,211,25,7,"C2H2,NAC,TALE,Dof,G2-like,GRAS,MIKC_MADS",0,,7,"C2H2(+11),NAC(+6),TALE(+4),Dof(+11),G2-like(+2),GRAS(+4),MIKC_MADS(+13)",False,False,106,21
Zm00001eb272170,chr6,92924064,True,59,4,7,"C2H2,NAC,HD-ZIP,MIKC_MADS,GRAS,Dof,MYB_related",3,"C2H2,HD-ZIP,GRAS",4,"NAC(+1),MIKC_MADS(+2),Dof(+1),MYB_related(+1)",True,False,35,11
Zm00001eb272520,chr6,94722184,True,195,25,3,"Dof,SBP,M-type_MADS",2,"SBP,M-type_MADS",1,Dof(+7),True,False,95,18
Zm00001eb273360,chr6,98445058,True,301,11,4,"ERF,Nin-like,LBD,B3",2,"Nin-like,B3",2,"ERF(+24),LBD(+11)",True,False,112,18
Zm00001eb274240,chr6,102898532,True,184,2,0,,0,,0,,False,False,65,16
Zm00001eb276160,chr6,110082271,True,191,24,2,"ERF,SBP",0,,2,"ERF(+24),SBP(+2)",False,False,76,14
Zm00001eb276190,chr6,110151986,True,200,25,1,HD-ZIP,0,,1,HD-ZIP(+6),False,False,79,19
Zm00001eb278120,chr6,117817772,True,183,22,4,"MIKC_MADS,C2H2,MYB,Trihelix",0,,4,"MIKC_MADS(+3),C2H2(+2),MYB(+1),Trihelix(+5)",False,False,112,24
Zm00001eb278130,chr6,117850289,True,78,25,3,"EIL,MYB,CPP",1,CPP,2,"EIL(+1),MYB(+3)",True,False,37,13
Zm00001eb279790,chr6,124409130,True,72,5,0,,0,,0,,False,False,14,9
Zm00001eb280210,chr6,126409344,True,241,3,2,"MYB_related,Trihelix",0,,2,"MYB_related(+7),Trihelix(+4)",False,False,85,19
Zm00001eb280970,chr6,130867559,True,171,15,0,,0,,0,,False,False,87,22
Zm00001eb282040,chr6,134534847,True,461,21,1,MYB,0,,1,MYB(+18),False,False,162,27
Zm00001eb282990,chr6,138984500,True,349,8,1,Dof,0,,1,Dof(+16),False,False,212,25
Zm00001eb283110,chr6,139381527,True,81,25,5,"C2H2,NAC,bHLH,GRAS,MIKC_MADS",0,,5,"C2H2(+6),NAC(+4),bHLH(+10),GRAS(+3),MIKC_MADS(+11)",False,False,63,16
Zm00001eb283200,chr6,139654163,True,139,25,1,MYB,1,MYB,0,,True,True,48,13
Zm00001eb283750,chr6,141497453,True,170,25,1,TALE,0,,1,TALE(+2),False,False,111,16
Zm00001eb284070,chr6,142919744,True,63,9,6,"bHLH,GATA,G2-like,BES1,bZIP,CAMTA",5,"bHLH,G2-like,BES1,bZIP,CAMTA",1,GATA(+1),True,False,18,11
Zm00001eb284120,chr6,143072104,True,66,6,1,MYB,0,,1,MYB(+4),False,False,36,12
Zm00001eb284450,chr6,144722672,True,138,20,3,"MYB,LBD,ERF",1,MYB,2,"LBD(+6),ERF(+26)",True,False,62,11
Zm00001eb284520,chr6,144921415,True,128,25,2,"G2-like,MIKC_MADS",2,"G2-like,MIKC_MADS",0,,True,True,33,12
Zm00001eb286540,chr6,152679315,True,345,23,2,"Dof,SBP",0,,2,"Dof(+21),SBP(+15)",False,False,144,25
Zm00001eb288150,chr6,158302188,True,101,4,2,"EIL,B3",0,,2,"EIL(+2),B3(+2)",False,False,34,12
Zm00001eb288420,chr6,159037925,True,345,2,0,,0,,0,,False,False,141,23
Zm00001eb289600,chr6,162664891,True,158,7,0,,0,,0,,False,False,70,18
Zm00001eb290750,chr6,165528366,True,102,25,1,ERF,0,,1,ERF(+2),False,False,40,10
Zm00001eb291350,chr6,166984831,True,67,25,3,"ERF,MYB,MIKC_MADS",0,,3,"ERF(+1),MYB(+6),MIKC_MADS(+1)",False,False,29,11
Zm00001eb293130,chr6,170739704,True,193,23,4,"C2H2,ERF,NAC,Dof",0,,4,"C2H2(+3),ERF(+45),NAC(+3),Dof(+5)",False,False,107,16
Zm00001eb294000,chr6,172670934,True,81,24,0,,0,,0,,False,False,48,11
Zm00001eb294740,chr6,173977731,True,84,25,2,"Dof,NAC",2,"Dof,NAC",0,,True,True,25,12
Zm00001eb295670,chr6,175625843,True,256,25,3,"ERF,MYB,C2H2",0,,3,"ERF(+26),MYB(+6),C2H2(+15)",False,False,135,19
Zm00001eb295800,chr6,175938755,True,341,25,3,"bHLH,BES1,CAMTA",1,BES1,2,"bHLH(+4),CAMTA(+5)",True,False,120,22
Zm00001eb298140,chr7,880702,True,406,25,3,"ERF,C2H2,MIKC_MADS",0,,3,"ERF(+56),C2H2(+9),MIKC_MADS(+4)",False,False,202,26
Zm00001eb298180,chr7,1059198,True,241,25,3,"C2H2,MYB_related,MIKC_MADS",0,,3,"C2H2(+11),MYB_related(+3),MIKC_MADS(+6)",False,False,112,23
Zm00001eb298400,chr7,1401739,True,153,25,4,"bZIP,MYB_related,LFY,MYB",1,LFY,3,"bZIP(+6),MYB_related(+1),MYB(+3)",True,False,51,18
Zm00001eb299970,chr7,5273290,True,240,13,1,SBP,0,,1,SBP(+3),False,False,91,15
Zm00001eb300490,chr7,6870529,True,274,25,2,"NAC,CAMTA",1,CAMTA,1,NAC(+15),True,False,120,25
Zm00001eb301430,chr7,10524518,True,170,11,0,,0,,0,,False,False,120,17
Zm00001eb301470,chr7,10719162,True,368,25,1,Dof,0,,1,Dof(+7),False,False,167,23
Zm00001eb301540,chr7,10933578,True,389,24,2,"ERF,MYB",0,,2,"ERF(+17),MYB(+16)",False,False,210,26
Zm00001eb302270,chr7,13954725,True,67,6,3,"C2H2,NAC,bHLH",3,"C2H2,NAC,bHLH",0,,True,True,39,10
Zm00001eb302940,chr7,17959685,True,193,25,1,bHLH,1,bHLH,0,,True,True,51,18
Zm00001eb303060,chr7,18956238,True,171,25,4,"EIL,NAC,G2-like,CAMTA",3,"EIL,NAC,CAMTA",1,G2-like(+5),True,False,66,21
Zm00001eb303280,chr7,20132866,True,350,25,2,"Dof,bZIP",0,,2,"Dof(+4),bZIP(+13)",False,False,247,26
Zm00001eb303620,chr7,21757630,True,64,7,5,"TALE,MYB_related,C2H2,BBR-BPC,GRAS",0,,5,"TALE(+1),MYB_related(+1),C2H2(+4),BBR-BPC(+5),GRAS(+3)",False,False,33,7
Zm00001eb303740,chr7,22297801,True,101,25,5,"bZIP,bHLH,NAC,MIKC_MADS,CAMTA",3,"bHLH,MIKC_MADS,CAMTA",2,"bZIP(+1),NAC(+2)",True,False,34,14
Zm00001eb304110,chr7,24551813,True,189,25,4,"Dof,Trihelix,MIKC_MADS,GRAS",0,,4,"Dof(+4),Trihelix(+2),MIKC_MADS(+1),GRAS(+1)",False,False,88,16
Zm00001eb304560,chr7,27378767,True,411,20,2,"Trihelix,CPP",1,CPP,1,Trihelix(+3),True,False,248,24
Zm00001eb307400,chr7,52719477,True,88,16,1,GATA,1,GATA,0,,True,True,24,11
Zm00001eb308990,chr7,82964676,True,91,24,4,"bHLH,ERF,C2H2,TALE",1,bHLH,3,"ERF(+1),C2H2(+3),TALE(+1)",True,False,40,13
Zm00001eb309590,chr7,89902299,True,254,19,4,"B3,TALE,NAC,bZIP",0,,4,"B3(+6),TALE(+4),NAC(+4),bZIP(+4)",False,False,75,19
Zm00001eb311230,chr7,104978194,True,72,13,1,TCP,0,,1,TCP(+4),False,False,37,14
Zm00001eb312020,chr7,112626983,True,222,21,3,"C2H2,MYB,MIKC_MADS",0,,3,"C2H2(+5),MYB(+4),MIKC_MADS(+5)",False,False,57,17
Zm00001eb312440,chr7,115955090,True,283,3,0,,0,,0,,False,False,135,26
Zm00001eb312990,chr7,121094007,True,143,25,7,"TCP,bZIP,bHLH,NAC,Trihelix,TALE,CAMTA",3,"bHLH,NAC,CAMTA",4,"TCP(+3),bZIP(+2),Trihelix(+2),TALE(+1)",True,False,53,15
Zm00001eb313460,chr7,123472084,True,69,25,3,"bHLH,bZIP,CAMTA",3,"bHLH,bZIP,CAMTA",0,,True,True,18,8
Zm00001eb314230,chr7,127366190,True,166,25,2,"bZIP,AP2",1,AP2,1,bZIP(+4),True,False,93,22
Zm00001eb316180,chr7,136373078,True,243,25,1,GATA,1,GATA,0,,True,True,68,22
Zm00001eb316410,chr7,137154179,True,193,22,0,,0,,0,,False,False,51,14
Zm00001eb320760,chr7,152794976,True,139,17,2,"C2H2,GRAS",0,,2,"C2H2(+3),GRAS(+5)",False,False,31,10
Zm00001eb320800,chr7,152901826,True,632,2,3,"TALE,SBP,ARF",0,,3,"TALE(+9),SBP(+5),ARF(+15)",False,False,311,31
Zm00001eb322690,chr7,162221242,True,225,14,1,TALE,0,,1,TALE(+5),False,False,117,19
Zm00001eb323490,chr7,164514551,True,185,25,0,,0,,0,,False,False,52,18
Zm00001eb323570,chr7,164771432,True,63,2,0,,0,,0,,False,False,9,6
Zm00001eb325330,chr7,169218303,True,69,12,1,MYB_related,0,,1,MYB_related(+3),False,False,30,12
Zm00001eb325370,chr7,169303840,True,222,1,2,"LBD,MIKC_MADS",0,,2,"LBD(+2),MIKC_MADS(+1)",False,False,71,14
Zm00001eb327030,chr7,173331955,True,181,25,0,,0,,0,,False,False,57,17
Zm00001eb327110,chr7,173667431,True,179,3,1,MYB,0,,1,MYB(+7),False,False,48,20
Zm00001eb327480,chr7,174664944,True,64,1,0,,0,,0,,False,False,46,10
Zm00001eb327810,chr7,175668363,True,105,20,1,Nin-like,1,Nin-like,0,,True,True,20,11
Zm00001eb327830,chr7,175680502,True,456,25,4,"EIL,TCP,SBP,bZIP",0,,4,"EIL(+2),TCP(+1),SBP(+3),bZIP(+2)",False,False,144,27
Zm00001eb328010,chr7,176262487,True,97,18,4,"ERF,TCP,bHLH,SBP",0,,4,"ERF(+25),TCP(+1),bHLH(+28),SBP(+3)",False,False,94,11
Zm00001eb328440,chr7,176970350,True,336,25,1,ERF,0,,1,ERF(+30),False,False,218,22
Zm00001eb329360,chr7,179464147,True,254,19,3,"C2H2,NAC,MYB",0,,3,"C2H2(+7),NAC(+1),MYB(+21)",False,False,92,16
Zm00001eb329550,chr7,179751510,True,405,25,3,"ERF,MYB,Trihelix",0,,3,"ERF(+47),MYB(+31),Trihelix(+1)",False,False,253,25
Zm00001eb329970,chr7,180810886,True,297,25,5,"C2H2,MIKC_MADS,BBR-BPC,GRAS,Dof",1,BBR-BPC,4,"C2H2(+10),MIKC_MADS(+2),GRAS(+6),Dof(+12)",True,False,130,23
Zm00001eb330450,chr7,181733597,True,215,2,1,TALE,0,,1,TALE(+5),False,False,92,21
Zm00001eb331730,chr7,184184149,True,77,10,2,"TALE,ERF",0,,2,"TALE(+2),ERF(+1)",False,False,29,7
Zm00001eb332500,chr8,1617992,True,259,15,6,"TALE,NAC,MYB,GRAS,ARR-B,CAMTA",2,"ARR-B,CAMTA",4,"TALE(+5),NAC(+11),MYB(+7),GRAS(+13)",True,False,176,25
Zm00001eb332530,chr8,1749181,True,68,25,2,"C2H2,EIL",2,"C2H2,EIL",0,,True,True,25,10
Zm00001eb334370,chr8,8506709,True,270,25,4,"ERF,TALE,C2H2,MIKC_MADS",0,,4,"ERF(+62),TALE(+9),C2H2(+11),MIKC_MADS(+4)",False,False,139,14
Zm00001eb334480,chr8,8775687,True,483,3,1,MYB,0,,1,MYB(+10),False,False,197,28
Zm00001eb334810,chr8,10520954,True,224,25,3,"ERF,C2H2,G2-like",0,,3,"ERF(+15),C2H2(+2),G2-like(+2)",False,False,97,21
Zm00001eb335380,chr8,13302694,True,98,18,3,"HD-ZIP,MYB,M-type_MADS",1,M-type_MADS,2,"HD-ZIP(+2),MYB(+3)",True,False,46,14
Zm00001eb335790,chr8,14488803,True,163,25,0,,0,,0,,False,False,107,16
Zm00001eb335870,chr8,14821883,True,183,25,1,GRAS,0,,1,GRAS(+4),False,False,121,23
Zm00001eb336750,chr8,17930775,True,187,25,1,LBD,0,,1,LBD(+2),False,False,82,20
Zm00001eb337140,chr8,19585956,True,141,3,6,"NAC,MYB_related,G2-like,ARR-B,MIKC_MADS,CPP",1,ARR-B,5,"NAC(+2),MYB_related(+3),G2-like(+4),MIKC_MADS(+5),CPP(+1)",True,False,60,15
Zm00001eb337820,chr8,22431123,True,63,11,1,Dof,0,,1,Dof(+1),False,False,7,5
Zm00001eb339970,chr8,35510978,True,376,14,3,"MIKC_MADS,MYB,MYB_related",0,,3,"MIKC_MADS(+11),MYB(+19),MYB_related(+6)",False,False,181,22
Zm00001eb342350,chr8,63618585,True,121,24,1,ERF,1,ERF,0,,True,True,76,17
Zm00001eb344390,chr8,74324726,True,268,25,0,,0,,0,,False,False,94,20
Zm00001eb347380,chr8,95195123,True,110,5,2,"Dof,MIKC_MADS",0,,2,"Dof(+12),MIKC_MADS(+4)",False,False,55,16
Zm00001eb349530,chr8,107751729,True,121,23,2,"WRKY,LBD",1,WRKY,1,LBD(+2),True,False,44,14
Zm00001eb350050,chr8,111330142,True,155,25,3,"G2-like,ERF,NAC",1,G2-like,2,"ERF(+18),NAC(+4)",True,False,63,15
Zm00001eb350800,chr8,116309207,True,123,17,2,"MYB_related,MYB",0,,2,"MYB_related(+2),MYB(+1)",False,False,46,11
Zm00001eb351640,chr8,120328484,True,60,23,2,"MYB_related,TCP",2,"MYB_related,TCP",0,,True,True,7,5
Zm00001eb351780,chr8,120770399,True,653,2,2,"TALE,Nin-like",0,,2,"TALE(+9),Nin-like(+4)",False,False,219,31
Zm00001eb351910,chr8,121249849,True,172,25,2,"LBD,ERF",1,LBD,1,ERF(+6),True,False,70,15
Zm00001eb351960,chr8,121472803,True,234,12,3,"C2H2,LBD,MIKC_MADS",2,"LBD,MIKC_MADS",1,C2H2(+12),True,False,94,24
Zm00001eb352310,chr8,122598520,True,128,21,2,"TALE,ERF",1,ERF,1,TALE(+3),True,False,39,13
Zm00001eb352940,chr8,125692145,True,290,25,3,"SBP,G2-like,ARR-B",1,ARR-B,2,"SBP(+3),G2-like(+2)",True,False,136,25
Zm00001eb354530,chr8,132884231,True,144,25,3,"MYB,C2H2,TCP",0,,3,"MYB(+11),C2H2(+3),TCP(+2)",False,False,65,20
Zm00001eb355170,chr8,135407191,True,497,25,3,"SBP,MYB,MYB_related",0,,3,"SBP(+11),MYB(+11),MYB_related(+12)",False,False,200,30
Zm00001eb356090,chr8,138292923,True,412,25,5,"C2H2,TALE,BBR-BPC,GRAS,MIKC_MADS",0,,5,"C2H2(+17),TALE(+3),BBR-BPC(+1),GRAS(+12),MIKC_MADS(+13)",False,False,226,33
Zm00001eb356410,chr8,139542115,True,73,3,4,"bHLH,NAC,bZIP,BES1",4,"bHLH,NAC,bZIP,BES1",0,,True,True,43,10
Zm00001eb356430,chr8,139633555,True,729,1,3,"TALE,ERF,TCP",0,,3,"TALE(+16),ERF(+118),TCP(+5)",False,False,391,30
Zm00001eb356920,chr8,141846950,True,284,25,1,G2-like,0,,1,G2-like(+3),False,False,91,21
Zm00001eb357290,chr8,143422255,True,230,25,1,ERF,1,ERF,0,,True,True,65,16
Zm00001eb357340,chr8,143696517,True,175,22,1,SBP,0,,1,SBP(+1),False,False,86,18
Zm00001eb357600,chr8,144808376,True,435,25,1,CPP,0,,1,CPP(+6),False,False,269,31
Zm00001eb358310,chr8,148019718,True,73,21,0,,0,,0,,False,False,27,7
Zm00001eb358380,chr8,148220192,True,105,6,1,MYB_related,0,,1,MYB_related(+4),False,False,43,14
Zm00001eb358690,chr8,149082352,True,354,22,1,ARF,0,,1,ARF(+6),False,False,150,23
Zm00001eb359400,chr8,151310228,True,120,18,3,"C2H2,NAC,Trihelix",1,Trihelix,2,"C2H2(+3),NAC(+1)",True,False,32,13
Zm00001eb360330,chr8,154803605,True,142,25,2,"bHLH,CAMTA",1,CAMTA,1,bHLH(+2),True,False,23,13
Zm00001eb361180,chr8,158078802,True,120,3,5,"MYB,MIKC_MADS,NAC,Dof,GRAS",2,"NAC,GRAS",3,"MYB(+4),MIKC_MADS(+4),Dof(+5)",True,False,55,17
Zm00001eb361900,chr8,160124268,True,282,22,1,SBP,1,SBP,0,,True,True,175,21
Zm00001eb362270,chr8,162966385,True,147,24,1,G2-like,0,,1,G2-like(+7),False,False,65,16
Zm00001eb363480,chr8,165905195,True,364,16,1,ARF,0,,1,ARF(+1),False,False,163,23
Zm00001eb363730,chr8,166221363,True,62,12,0,,0,,0,,False,False,22,6
Zm00001eb363880,chr8,166609169,True,60,14,2,"NAC,SBP",1,NAC,1,SBP(+4),True,False,13,3
Zm00001eb364260,chr8,167523808,True,74,25,1,MYB,0,,1,MYB(+11),False,False,31,12
Zm00001eb364360,chr8,167835862,True,96,9,0,,0,,0,,False,False,24,11
Zm00001eb364700,chr8,168498954,True,83,8,1,B3,0,,1,B3(+4),False,False,16,6
Zm00001eb365060,chr8,169330104,True,60,4,2,"bHLH,SBP",1,SBP,1,bHLH(+15),True,False,31,7
Zm00001eb365530,chr8,170000212,True,109,15,2,"bHLH,TCP",0,,2,"bHLH(+11),TCP(+3)",False,False,66,14
Zm00001eb365690,chr8,170468152,True,238,24,6,"G2-like,HD-ZIP,EIL,WOX,YABBY,Dof",0,,6,"G2-like(+2),HD-ZIP(+11),EIL(+2),WOX(+4),YABBY(+1),Dof(+4)",False,False,102,27
Zm00001eb365760,chr8,170688841,True,168,25,3,"ERF,LBD,Nin-like",1,Nin-like,2,"ERF(+2),LBD(+2)",True,False,62,15
Zm00001eb365780,chr8,170726288,True,221,25,0,,0,,0,,False,False,89,22
Zm00001eb365820,chr8,170841016,True,104,2,2,"ERF,MYB",1,ERF,1,MYB(+6),True,False,37,9
Zm00001eb367290,chr8,173983761,True,99,16,1,Trihelix,1,Trihelix,0,,True,True,57,15
Zm00001eb369360,chr8,177936963,True,295,25,2,"bHLH,bZIP",0,,2,"bHLH(+5),bZIP(+10)",False,False,150,25
Zm00001eb369690,chr8,178310904,True,82,24,0,,0,,0,,False,False,46,11
Zm00001eb370370,chr8,179708135,True,303,25,5,"LBD,ERF,MIKC_MADS,MYB,Dof",1,LBD,4,"ERF(+15),MIKC_MADS(+4),MYB(+20),Dof(+10)",True,False,190,25
Zm00001eb370480,chr8,179956982,True,231,4,2,"ERF,C2H2",0,,2,"ERF(+13),C2H2(+12)",False,False,92,20
Zm00001eb370490,chr8,179956982,True,231,4,2,"ERF,C2H2",0,,2,"ERF(+13),C2H2(+12)",False,False,92,20
Zm00001eb371150,chr8,181585871,True,173,22,4,"Dof,TALE,GRAS,MIKC_MADS",0,,4,"Dof(+13),TALE(+3),GRAS(+10),MIKC_MADS(+18)",False,False,127,23
Zm00001eb371180,chr8,181685300,True,207,25,1,TCP,0,,1,TCP(+2),False,False,88,22
Zm00001eb371520,chr9,2221701,True,124,24,5,"MIKC_MADS,Dof,C2H2,GRAS,M-type_MADS",3,"C2H2,GRAS,M-type_MADS",2,"MIKC_MADS(+1),Dof(+6)",True,False,114,16
Zm00001eb373600,chr9,10900844,True,193,24,1,MYB,0,,1,MYB(+6),False,False,63,19
Zm00001eb374170,chr9,13076932,True,197,18,1,G2-like,1,G2-like,0,,True,True,58,12
Zm00001eb374330,chr9,13463701,True,318,8,6,"Dof,C2H2,TALE,MIKC_MADS,NAC,GRAS",0,,6,"Dof(+6),C2H2(+9),TALE(+3),MIKC_MADS(+2),NAC(+4),GRAS(+5)",False,False,122,23
Zm00001eb374580,chr9,14320547,True,58,7,2,"ERF,LBD",0,,2,"ERF(+8),LBD(+1)",False,False,30,6
Zm00001eb375480,chr9,17538945,True,235,25,3,"MYB,Dof,TCP",0,,3,"MYB(+4),Dof(+11),TCP(+9)",False,False,73,19
Zm00001eb375670,chr9,18132531,True,273,19,1,WRKY,0,,1,WRKY(+2),False,False,111,19
Zm00001eb375690,chr9,18311524,True,94,25,2,"LBD,Nin-like",2,"LBD,Nin-like",0,,True,True,51,13
Zm00001eb378280,chr9,25715058,True,68,21,0,,0,,0,,False,False,17,8
Zm00001eb378780,chr9,27458565,True,69,22,3,"ERF,ARF,GRAS",1,GRAS,2,"ERF(+6),ARF(+1)",True,False,25,7
Zm00001eb378830,chr9,27730744,True,378,24,2,"bHLH,C2H2",0,,2,"bHLH(+17),C2H2(+13)",False,False,176,25
Zm00001eb379070,chr9,28619502,True,103,2,3,"TCP,SBP,MYB_related",2,"SBP,MYB_related",1,TCP(+4),True,False,20,11
Zm00001eb379200,chr9,28971025,True,77,18,1,B3,0,,1,B3(+2),False,False,19,5
Zm00001eb379770,chr9,32735822,True,110,25,2,"G2-like,MYB",0,,2,"G2-like(+1),MYB(+1)",False,False,65,13
Zm00001eb381110,chr9,43137149,True,118,9,3,"ARF,TALE,GRAS",1,GRAS,2,"ARF(+1),TALE(+3)",True,False,16,10
Zm00001eb384580,chr9,78690049,True,185,11,1,ERF,0,,1,ERF(+18),False,False,85,22
Zm00001eb385310,chr9,86940666,True,135,3,2,"NAC,MYB",0,,2,"NAC(+19),MYB(+17)",False,False,83,17
Zm00001eb385600,chr9,89409471,True,156,25,2,"ERF,HSF",1,HSF,1,ERF(+5),True,False,63,21
Zm00001eb386410,chr9,95715345,True,124,5,2,"B3,MYB",1,B3,1,MYB(+6),True,False,34,13
Zm00001eb386670,chr9,97686378,True,449,19,1,ERF,0,,1,ERF(+11),False,False,180,28
Zm00001eb386920,chr9,98802774,True,87,3,4,"WRKY,Dof,TALE,NAC",3,"WRKY,Dof,NAC",1,TALE(+1),True,False,32,13
Zm00001eb387530,chr9,102589516,True,111,25,1,ERF,0,,1,ERF(+1),False,False,51,16
Zm00001eb388040,chr9,105100312,True,156,12,1,C2H2,0,,1,C2H2(+1),False,False,36,16
Zm00001eb389750,chr9,114028069,True,221,25,2,"NAC,B3",0,,2,"NAC(+11),B3(+3)",False,False,127,24
Zm00001eb390480,chr9,118104984,True,591,22,4,"WRKY,WOX,HD-ZIP,LBD",0,,4,"WRKY(+5),WOX(+3),HD-ZIP(+5),LBD(+6)",False,False,347,29
Zm00001eb390560,chr9,118437958,True,111,25,3,"NAC,TALE,CAMTA",0,,3,"NAC(+1),TALE(+3),CAMTA(+2)",False,False,37,13
Zm00001eb390620,chr9,118637912,True,129,1,2,"WRKY,CPP",0,,2,"WRKY(+11),CPP(+2)",False,False,73,17
Zm00001eb390630,chr9,118637912,True,129,1,2,"WRKY,CPP",0,,2,"WRKY(+11),CPP(+2)",False,False,73,17
Zm00001eb391000,chr9,120197239,True,84,11,5,"EIL,TCP,SBP,NAC,B3",4,"EIL,TCP,SBP,NAC",1,B3(+1),True,False,23,11
Zm00001eb391500,chr9,122118336,True,335,25,1,M-type_MADS,0,,1,M-type_MADS(+1),False,False,144,26
Zm00001eb392270,chr9,124884985,True,63,4,1,MYB,1,MYB,0,,True,True,17,8
Zm00001eb392420,chr9,125649370,True,129,25,1,Dof,0,,1,Dof(+1),False,False,69,15
Zm00001eb392580,chr9,126371314,True,265,25,0,,0,,0,,False,False,106,24
Zm00001eb392740,chr9,127396363,True,180,18,3,"C2H2,ARF,GRAS",0,,3,"C2H2(+2),ARF(+2),GRAS(+4)",False,False,92,22
Zm00001eb394390,chr9,133948298,True,156,25,5,"Nin-like,ERF,G2-like,B3,ARF",1,Nin-like,4,"ERF(+35),G2-like(+9),B3(+1),ARF(+3)",True,False,84,17
Zm00001eb397350,chr9,144887582,True,165,23,3,"WRKY,CPP,MIKC_MADS",2,"WRKY,CPP",1,MIKC_MADS(+5),True,False,79,19
Zm00001eb397550,chr9,145381215,True,90,25,6,"Dof,MYB_related,G2-like,ARR-B,CPP,MIKC_MADS",4,"Dof,G2-like,ARR-B,MIKC_MADS",2,"MYB_related(+1),CPP(+1)",True,False,67,13
Zm00001eb397900,chr9,146333600,True,74,8,4,"ARF,ERF,CPP,Trihelix",3,"ARF,ERF,CPP",1,Trihelix(+1),True,False,20,10
Zm00001eb397980,chr9,146645800,True,65,5,3,"MYB_related,SBP,AP2",2,"SBP,AP2",1,MYB_related(+1),True,False,26,12
Zm00001eb398660,chr9,148869547,True,167,25,4,"G2-like,LBD,CPP,M-type_MADS",1,CPP,3,"G2-like(+17),LBD(+2),M-type_MADS(+1)",True,False,81,18
Zm00001eb398750,chr9,149072059,True,63,18,3,"C2H2,TALE,HSF",2,"TALE,HSF",1,C2H2(+1),True,False,19,10
Zm00001eb399180,chr9,150243406,True,136,22,3,"C2H2,GRAS,MIKC_MADS",2,"GRAS,MIKC_MADS",1,C2H2(+4),True,False,75,19
Zm00001eb400160,chr9,153163926,True,570,1,4,"Nin-like,LBD,G2-like,CPP",1,Nin-like,3,"LBD(+27),G2-like(+12),CPP(+6)",True,False,244,29
Zm00001eb400800,chr9,154426571,True,346,22,0,,0,,0,,False,False,108,22
Zm00001eb401030,chr9,155058866,True,73,25,0,,0,,0,,False,False,17,8
Zm00001eb401810,chr9,156946459,True,115,22,5,"MYB_related,MYB,SBP,Trihelix,M-type_MADS",3,"MYB_related,MYB,SBP",2,"Trihelix(+2),M-type_MADS(+2)",True,False,77,16
Zm00001eb402200,chr9,157691476,True,64,1,0,,0,,0,,False,False,11,8
Zm00001eb402300,chr9,157730650,True,350,25,0,,0,,0,,False,False,113,27
Zm00001eb402390,chr9,157765410,True,59,23,2,"NAC,bHLH",1,bHLH,1,NAC(+4),True,False,21,5
Zm00001eb403000,chr9,158841703,True,60,6,8,"C2H2,MYB_related,WOX,HD-ZIP,GATA,GRAS,CPP,M-type_MADS",5,"C2H2,MYB_related,GATA,GRAS,M-type_MADS",3,"WOX(+1),HD-ZIP(+3),CPP(+1)",True,False,19,12
Zm00001eb403450,chr9,159816783,True,62,21,2,"NAC,CAMTA",2,"NAC,CAMTA",0,,True,True,42,9
Zm00001eb404040,chr9,160764965,True,111,19,2,"ERF,ARF",0,,2,"ERF(+12),ARF(+4)",False,False,51,13
Zm00001eb405630,chr10,2312252,True,400,1,6,"Dof,C2H2,WRKY,ARF,GRAS,MIKC_MADS",0,,6,"Dof(+7),C2H2(+12),WRKY(+4),ARF(+2),GRAS(+1),MIKC_MADS(+1)",False,False,226,28
Zm00001eb408750,chr10,13503648,True,140,25,4,"C2H2,NAC,ERF,MYB",0,,4,"C2H2(+5),NAC(+2),ERF(+1),MYB(+24)",False,False,78,16
Zm00001eb408960,chr10,15073683,True,240,25,1,HSF,1,HSF,0,,True,True,87,19
Zm00001eb410260,chr10,24049601,True,75,14,2,"MYB,MYB_related",1,MYB_related,1,MYB(+2),True,False,14,5
Zm00001eb416180,chr10,81773643,True,121,25,4,"ERF,NAC,TALE,LBD",0,,4,"ERF(+8),NAC(+2),TALE(+9),LBD(+2)",False,False,54,12
Zm00001eb418570,chr10,95376505,True,63,21,0,,0,,0,,False,False,12,4
Zm00001eb419190,chr10,98769739,True,175,13,2,"WRKY,NAC",0,,2,"WRKY(+3),NAC(+1)",False,False,129,21
Zm00001eb422400,chr10,118636974,True,363,25,4,"TCP,TALE,ERF,NAC",0,,4,"TCP(+6),TALE(+4),ERF(+86),NAC(+6)",False,False,220,26
Zm00001eb422560,chr10,119597830,True,352,6,1,HD-ZIP,0,,1,HD-ZIP(+1),False,False,253,27
Zm00001eb423410,chr10,122646191,True,93,21,0,,0,,0,,False,False,12,7
Zm00001eb423440,chr10,122921125,True,201,25,2,"WRKY,Trihelix",0,,2,"WRKY(+20),Trihelix(+1)",False,False,100,17
Zm00001eb427180,chr10,135013948,True,129,4,3,"HD-ZIP,GATA,G2-like",0,,3,"HD-ZIP(+2),GATA(+2),G2-like(+1)",False,False,23,12
Zm00001eb427640,chr10,136303592,True,186,17,3,"B3,ERF,MYB",2,"B3,MYB",1,ERF(+5),True,False,46,15
Zm00001eb428570,chr10,138938403,True,61,6,2,"MYB,B3",1,B3,1,MYB(+8),True,False,17,7
Zm00001eb430160,chr10,142901586,True,313,25,3,"C2H2,NAC,MYB",0,,3,"C2H2(+1),NAC(+6),MYB(+5)",False,False,161,24
Zm00001eb430350,chr10,143204004,True,80,2,3,"MYB_related,ERF,MYB",1,MYB_related,2,"ERF(+2),MYB(+1)",True,False,44,13
Zm00001eb430780,chr10,144328092,True,69,14,5,"MYB_related,ERF,HD-ZIP,MYB,GATA",2,"HD-ZIP,GATA",3,"MYB_related(+5),ERF(+1),MYB(+15)",True,False,40,11
Zm00001eb430800,chr10,144347010,True,160,21,1,ERF,0,,1,ERF(+13),False,False,72,19
Zm00001eb430820,chr10,144426712,True,136,25,2,"NAC,MYB",0,,2,"NAC(+6),MYB(+6)",False,False,55,17
Zm00001eb431580,chr10,146230984,True,661,25,1,TALE,0,,1,TALE(+16),False,False,397,29
Zm00001eb431690,chr10,146450316,True,197,24,3,"ERF,TCP,G2-like",0,,3,"ERF(+54),TCP(+6),G2-like(+1)",False,False,120,18
Zm00001eb433520,chr10,150135146,True,540,3,2,"MYB,WRKY",0,,2,"MYB(+4),WRKY(+3)",False,False,312,28
