,AP2,ARF,ARR-B,B3,BBR-BPC,BES1,C2H2,CAMTA,CPP,Dof,EIL,ERF,G2-like,GATA,GRAS,HD-ZIP,HSF,LBD,LFY,M-type_MADS,MIKC_MADS,MYB,MYB_related,NAC,Nin-like,RAV,SBP,TALE,TCP,Trihelix,WOX,WRKY,YABBY,bHLH,bZIP
AP2,0,0,0,0,0,0,0,0,0,0,1,0,0,0,0,0,0,0,0,0,0,0,0,0,0,0,0,0,0,0,0,0,0,1,0
ARF,1,0,0,1,0,0,1,1,0,1,1,0,0,1,0,0,0,1,0,0,1,3,1,0,0,0,0,4,0,0,0,3,0,0,0
ARR-B,0,0,0,0,0,0,0,0,1,1,0,0,0,0,0,0,0,0,0,0,0,0,0,0,0,0,0,0,0,1,0,0,0,0,0
B3,0,2,0,0,0,0,0,1,0,0,0,2,1,0,0,0,0,0,0,0,0,0,0,0,0,0,0,1,2,0,0,0,0,1,1
BBR-BPC,0,0,0,0,0,0,1,0,1,0,0,0,0,0,0,0,0,0,0,0,0,0,1,0,0,0,0,0,0,0,0,0,0,0,0
BES1,0,0,0,0,0,0,0,0,0,0,0,0,0,0,0,0,0,0,0,0,1,0,0,1,0,0,0,0,0,0,0,0,0,0,0
C2H2,1,2,3,2,0,0,0,0,1,1,3,1,3,1,1,4,0,0,0,0,2,1,2,1,0,0,1,6,0,3,3,1,1,1,2
CAMTA,0,0,0,0,0,0,2,0,1,0,0,2,1,0,0,0,0,0,0,0,1,0,0,1,0,0,1,0,0,0,0,0,0,3,1
CPP,0,0,2,0,0,0,2,0,0,2,1,0,4,1,3,0,2,1,0,1,4,0,3,0,0,0,0,0,0,0,0,1,2,0,0
Dof,0,0,0,0,0,0,1,0,4,0,1,0,1,1,0,0,0,0,0,2,1,2,3,0,0,0,0,0,0,3,0,0,0,0,0
E2F/DP,0,0,0,0,0,0,0,0,0,0,0,0,1,0,0,0,0,0,0,0,0,0,0,0,0,0,0,0,0,0,0,0,0,0,0
EIL,0,0,0,0,0,0,5,0,0,0,0,0,0,1,0,1,0,0,0,1,2,1,0,0,1,0,1,0,0,1,1,0,1,1,0
ERF,1,0,0,0,0,0,2,0,1,2,2,0,1,1,0,2,0,0,1,0,0,2,1,2,0,0,0,3,0,2,2,2,0,2,0
G2-like,1,0,0,1,0,0,3,0,0,2,1,0,0,1,0,0,1,0,0,0,0,2,1,1,1,0,1,2,0,2,1,0,0,0,0
GATA,0,0,0,0,0,0,1,0,0,0,0,0,0,0,0,1,0,0,0,0,0,0,0,1,0,0,0,0,1,1,1,0,0,0,1
GRAS,0,0,1,0,0,0,0,0,2,0,1,0,2,0,0,0,0,0,0,1,0,1,1,1,0,0,0,0,0,1,0,0,0,1,0
HD-ZIP,0,0,0,0,0,0,1,0,1,1,0,0,1,1,0,0,0,0,0,1,1,3,3,0,0,0,0,1,0,4,0,2,0,1,0
HSF,0,0,0,0,0,0,0,0,0,0,0,0,0,0,0,1,0,0,0,0,0,0,0,0,0,0,0,0,0,0,1,0,1,0,0
LBD,1,1,1,0,0,0,0,0,0,0,2,0,2,1,1,0,0,0,0,0,0,1,2,0,0,0,2,3,2,0,1,1,0,0,0
LFY,0,0,0,0,0,0,0,0,0,0,0,0,0,0,0,0,0,0,0,0,0,0,0,0,0,0,0,0,0,1,0,0,0,0,0
M-type_MADS,0,0,0,0,0,0,0,0,0,0,1,0,1,0,0,0,1,0,0,0,1,0,0,0,0,0,0,0,0,3,2,1,0,0,0
MIKC_MADS,1,1,2,1,0,0,3,0,1,2,1,0,4,1,1,0,1,0,0,1,0,0,2,1,0,0,0,2,0,3,0,1,1,0,0
MYB,0,0,0,1,0,0,1,1,1,0,0,1,1,1,0,3,0,0,1,0,2,0,1,3,0,0,0,3,1,2,2,1,0,0,3
MYB_related,0,2,0,1,1,0,3,0,2,1,2,0,3,0,0,2,1,0,0,2,1,5,0,0,0,0,2,0,0,0,1,1,0,1,1
NAC,1,2,1,0,0,0,2,0,1,2,2,4,1,1,0,1,2,1,0,0,0,1,1,0,0,0,2,2,1,3,3,2,0,2,0
Nin-like,0,1,0,0,0,0,1,0,0,0,0,1,0,0,0,0,0,0,0,0,0,0,0,1,0,1,0,0,0,0,1,0,0,0,0
RAV,0,0,1,0,0,0,0,0,0,0,0,0,0,0,0,0,0,1,0,0,0,1,1,0,0,0,0,0,0,0,0,0,0,0,0
SBP,2,0,0,0,0,0,5,0,1,0,0,0,0,1,0,0,0,0,0,1,2,1,1,0,1,0,0,1,0,4,1,0,1,0,1
TALE,0,1,0,1,0,1,2,1,0,0,0,3,1,0,0,1,0,1,0,1,0,1,0,2,0,0,1,0,1,2,1,0,0,2,4
TCP,0,0,0,0,0,0,1,1,0,0,0,1,0,0,0,0,0,1,0,0,0,0,1,1,0,0,0,0,0,1,0,1,0,0,1
Trihelix,0,1,1,0,0,0,1,0,0,1,1,3,4,1,0,0,0,3,0,2,1,1,2,2,1,0,1,1,1,0,0,1,0,1,0
WOX,0,0,0,0,0,0,3,0,0,0,0,1,1,0,0,1,0,0,0,0,0,4,0,0,0,0,0,1,1,0,0,1,2,0,0
WRKY,0,0,0,0,0,0,1,0,0,0,1,1,0,0,0,0,0,0,0,1,0,1,2,0,0,0,1,2,3,1,0,0,0,0,0
YABBY,0,0,0,0,0,0,0,0,0,0,0,0,0,0,0,0,0,0,0,0,0,1,0,1,0,0,0,0,0,0,0,1,0,1,0
bHLH,0,0,0,0,0,0,2,2,0,0,0,1,1,0,0,1,0,1,0,1,0,1,1,1,0,0,0,0,1,2,1,0,1,0,1
bZIP,0,0,0,0,0,0,0,0,0,0,1,3,2,0,0,1,0,0,0,1,0,1,0,2,0,0,0,0,0,0,1,0,1,0,0
